CountyFIPS,Marc_CountyID1,FIPS,LocalityName,Population2024,OUD_Deaths2024,OUDCases2024,Labor_Fatal,Labor_OUD,Labor_Incarceration,Labor_Total,Labor_PerCapita,Health_ED,Health_Hosp,Health_AmbulanceNalax,Health_Indirect,Health_Total,Health_PerCapita,Crime_Total,Crime_PerCapita,ChildFamily_Assistance,ChildFamily_K12Ed,ChildFamily_Total,ChildFamily_PerCapita,Total_Total,Total_PerCapita,HouseholdSector_Total,FedGovtSector_Total,StateLocalSector_Total,MedianAgeYRs,MedianHHIncome,PovertyPct,SevereRentBurdenPct,Uninsured,Hlth_Dist_Name,Hlth_Region_Name,CooperCtrRegionName,CategoryName,CategoryDescription,Urban_Rural,Metro_NonMetro
51999,999,us-va-999,Virginia,8811195,1087.32,99373.30292,709075172.9,466888510.7,81818359.59,1257782043,142.7481792,22453663.73,164871033.6,11755908.22,592101384.5,791181990,89.79281357,175442851.3,19.91135723,294380932.7,126412126.3,420793059,47.75663902,2645199943,300.2089891,1131929720,1006096544,507173679.5,39,93170,9.3,22.5,9.5,,,,,,,
51840,840,us-va-840,Winchester City,27800,0,108.1063662,0,451010.1795,552965.6883,1003975.868,36.11423985,64730.23986,475296.2223,33890.36053,804762.3137,1378679.136,49.59277469,1338872.731,48.16088961,2535837.778,321334.282,2857172.06,102.7759734,6578699.796,236.6438775,1157927.907,3286774.737,2133997.152,36.8,63974,20.3,25.1,17,Lord Fairfax,Northwestern,Valley Region,Small metro,"Counties within MSAS of 50,000 to 249,999 population",Urban,Metropolitan
51830,830,us-va-830,Williamsburg City,16030,0,0,0,0,227801.5566,227801.5566,14.21095175,0,0,0,0,0,0,644174.6159,40.18556556,320087.3666,0,320087.3666,19.96802038,1192063.539,74.36453769,190367.2245,419492.6816,582203.633,23.7,75604,24.4,42.6,7.8,Peninsula,Eastern,Hampton Roads Region,Large fringe metro,NCHS-defined “fringe” counties of MSAs of 1 million or more population,Urban,Metropolitan
51820,820,us-va-820,Waynesboro City,23498,3.06,423.5429574,1987332.595,2002600.075,396121.8607,4386054.531,186.656504,59362.86445,435885.0713,31080.2012,1827062.887,2353391.024,100.1528226,846268.6131,36.01449541,1628405.632,538001.9262,2166407.558,92.1954021,9752121.727,415.0192241,3848500.483,3812371.517,2091249.727,38.3,59994,10.8,21,13.3,Central Shenandoah,Northwestern,Valley Region,Small metro,"Counties within MSAS of 50,000 to 249,999 population",Urban,Metropolitan
51810,810,us-va-810,Virginia Beach City,454808,53.04,4447.201053,38674509.99,23607810.07,3471585.549,65753905.61,144.5750858,924008.3116,6784737.101,483776.5916,26595076.93,34787598.93,76.48853787,6605947.532,14.52469511,13468530.55,5649020.225,19117550.78,42.03433268,126265002.9,277.6226514,57295559.99,46772539.49,22196903.38,37.9,92968,8.1,24.6,8.9,Virginia Beach,Eastern,Hampton Roads Region,Large central metro,NCHS-defined “central” counties of MSAs of 1 million or more population,Urban,Metropolitan
51800,800,us-va-800,Suffolk City,103105,10.2,1058.857393,7580152.299,5728789.535,805062.5038,14114004.34,136.8896206,290552.1886,2133444.244,152122.3843,6538544.782,9114663.599,88.4017613,1503074.104,14.5780913,2663251.196,1345004.816,4008256.012,38.87547657,28739998.05,278.7449498,12745949.89,10822432.17,5171616,38.7,92666,8,27.7,8.8,Western Tidewater,Eastern,Hampton Roads Region,Large fringe metro,NCHS-defined “fringe” counties of MSAs of 1 million or more population,Urban,Metropolitan
51790,790,us-va-790,Staunton City,26361,1.02,282.3619716,533619.2067,1075437.364,476251.2841,2085307.855,79.10579472,66595.64515,488993.3767,34867.01778,1278309.949,1868765.988,70.89131628,1263087.482,47.91500634,1951600.643,358667.9508,2310268.594,87.63964167,7527429.919,285.551759,2068540.498,3333386.755,2125502.666,39.9,65581,13.2,21.7,9.7,Central Shenandoah,Northwestern,Valley Region,Small metro,"Counties within MSAS of 50,000 to 249,999 population",Urban,Metropolitan
51775,775,us-va-775,Salem City,25908,5.1,352.9524645,2930588.649,1476551.299,423715.7275,4830855.676,186.4619297,151177.5077,1110054.566,79150.95402,3084331.033,4424714.061,170.7856284,1023100.861,39.48976612,90121.68575,448334.9385,538456.6243,20.78341147,10817127.22,417.5207357,4731808.838,3881462.742,2203855.642,40,66725,8.4,21.5,6.7,Alleghany,Southwestern,West Central Region,Medium metro,"Counties within MSAs of 250,000-999,999 population",Urban,Metropolitan
51770,770,us-va-770,Roanoke City,97912,47.94,4094.248588,26828853.68,16681147.76,1166660.376,44676661.82,456.2940377,571332.8752,4195139.055,299128.7714,21472130.95,26537731.65,271.0365599,2892470.334,29.5415305,9350901.808,5200685.287,14551587.09,148.6190364,88658450.9,905.4911645,39654257.96,33492682.48,15511510.45,38.3,55378,17,19.9,13.9,Roanoke City,Southwestern,West Central Region,Medium metro,"Counties within MSAs of 250,000-999,999 population",Urban,Metropolitan
51760,760,us-va-760,Richmond City,233655,108.12,9106.173584,63820584.37,39132563.47,1166055.849,104119203.7,445.6108523,1884662.845,13838557.26,986739.7903,54280702.91,70990662.8,303.8268507,2740899.836,11.73054219,7567113.959,11567041.41,19134155.37,81.89063094,196984921.7,843.0588761,94688205.01,71180186.21,31116530.48,34.7,64587,16.2,26.7,11.3,Richmond City,Central,Central Region,Large central metro,NCHS-defined “central” counties of MSAs of 1 million or more population,Urban,Metropolitan
51750,750,us-va-750,Radford City,17273,1.02,70.5904929,523329.8445,263675.1364,84072.25848,871077.2394,50.42999128,29164.78647,214148.949,15269.60398,606033.4615,864616.801,50.0559718,227355.7468,13.1624933,776911.0841,89666.9877,866578.0718,50.16951727,2829627.859,163.8179737,875166.3762,1345241.116,609220.3664,23.3,57348,33.1,32,6.4,New River,Southwestern,West Central Region,Small metro,"Counties within MSAS of 50,000 to 249,999 population",Urban,Metropolitan
51740,740,us-va-740,Portsmouth City,96482,40.8,2964.800702,21865371.29,11567508.63,482988.4734,33915868.4,351.5253456,950184.1845,6976939.285,497481.3109,22247599.38,30672204.16,317.9059737,1250456.607,12.96051706,4182889.277,3766013.484,7948902.76,82.38741693,73787431.92,764.7792533,32900415.87,28842757.18,12044258.87,35.9,60491,14.8,26.7,9.9,Portsmouth,Eastern,Hampton Roads Region,Large fringe metro,NCHS-defined “fringe” counties of MSAs of 1 million or more population,Urban,Metropolitan
51735,735,us-va-735,Poquoson City,12854,1.02,70.5904929,872468.5052,439585.5778,140160.93,1452215.013,112.9776733,5235.17457,38440.43683,2740.943862,363930.4049,410346.9602,31.92367825,227355.7468,17.68754837,118090.4848,89666.9877,207757.4725,16.16286545,2297675.192,178.7517654,1171280.805,700010.5691,426383.8179,41.2,120972,4.2,12.2,3.5,Peninsula,Eastern,Hampton Roads Region,Large fringe metro,NCHS-defined “fringe” counties of MSAs of 1 million or more population,Urban,Metropolitan
51730,730,us-va-730,Petersburg City,34058,12.24,1058.857393,6128444.907,3859703.788,369197.5122,10357346.21,304.1090554,211761.4247,1554905.488,110870.4532,6167605.975,8045143.341,236.2189013,1023100.861,30.03995715,1485453.993,1345004.816,2830458.808,83.10701769,22256049.22,653.4749315,9715586.556,8377163.618,4163299.043,35.8,50698,19.9,26.8,9.6,Crater,Central,Central Region,Large fringe metro,NCHS-defined “fringe” counties of MSAs of 1 million or more population,Urban,Metropolitan
51720,720,us-va-720,Norton City,3478,1.02,141.1809858,454594.8625,458087.2412,137945.6936,1050627.797,302.0781475,18467.90848,135604.7367,9669.114127,595669.0305,759410.7898,218.3469781,429449.744,123.4760621,289010.9233,179333.9754,468344.8987,134.6592578,2707833.23,778.5604456,983060.8954,992886.7271,731885.6071,41.3,41495,26.5,30.4,12.1,Lenowisco,Southwestern,Southwest Region,Rural (Noncore),Rural (Counties not within micropolitan statistical areas),Rural,Nonmetropolitan
51710,710,us-va-710,Norfolk City,231105,47.94,3882.477109,32532119.74,19180983.45,1494977.226,53208080.41,230.2333589,1015623.867,7457444.745,531743.1092,25673578.82,34678390.54,150.0546961,3056671.707,13.22633308,8508730.193,4931684.324,13440414.52,58.15717755,104383557.2,451.6715656,48032427.06,39275180.63,17075949.48,32.7,66109,14.2,26.3,12.5,Norfolk City,Eastern,Hampton Roads Region,Large fringe metro,NCHS-defined “fringe” counties of MSAs of 1 million or more population,Urban,Metropolitan
51700,700,us-va-700,Newport News City,183056,33.66,2823.619716,22570655.02,13784273.8,2093770.371,38448699.2,210.0379075,722454.0907,5304780.283,378250.2529,18256129.18,24661613.81,134.7216907,4332390.064,23.66702028,7219057.793,3586679.508,10805737.3,59.02968109,78248440.37,427.4562996,34685368.62,29390136.44,14172935.31,34.4,69634,12.7,23.7,11.6,Peninsula,Eastern,Hampton Roads Region,Large fringe metro,NCHS-defined “fringe” counties of MSAs of 1 million or more population,Urban,Metropolitan
51690,690,us-va-690,Martinsville City,13834,1.02,141.1809858,479205.9172,482887.3678,312212.1061,1274305.391,92.11402277,75609.30623,555178.1934,39586.23748,1173785.68,1844159.417,133.3063045,922053.862,66.65128394,49722.30938,179333.9754,229056.2848,16.5574877,4269574.955,308.6290989,1455886.693,1552972.861,1260715.401,38.4,46727,22.1,19.9,12.7,West Piedmont,Southwestern,Southside Region,Rural (Micropolitan),Rural (Counties in micropolitan statistical areas),Rural,Nonmetropolitan
51685,685,us-va-685,Manassas Park City,16611,1.02,70.5904929,1061725.619,534941.109,246371.4342,1843038.162,110.9528723,21926.47311,161000.0189,11479.89071,532801.2755,727207.6582,43.77868028,328402.7454,19.77019718,562483.6249,89666.9877,652150.6126,39.26016571,3550799.179,213.7619155,1544962.119,1332495.847,673341.212,36.5,103250,3.9,17.3,26.4,Prince William,Northern,Northern Region,Large fringe metro,NCHS-defined “fringe” counties of MSAs of 1 million or more population,Urban,Metropolitan
51683,683,us-va-683,Manassas City,43616,10.2,705.904929,8367610.695,4215947.006,985780.2306,13569337.93,311.1091786,57572.99689,422742.5696,30143.09271,3692129.012,4202587.672,96.35426613,1667275.477,38.22623525,1712312.029,896669.877,2608981.906,59.81708333,22048182.99,505.5067633,11028289.41,7153084.431,3866809.147,34.8,113590,6.1,27.2,24.4,Prince William,Northern,Northern Region,Large fringe metro,NCHS-defined “fringe” counties of MSAs of 1 million or more population,Urban,Metropolitan
51680,680,us-va-680,Lynchburg City,80301,7.14,847.0859148,3428204.746,2961035.64,1171408.073,7560648.459,94.15385187,319345.6488,2344866.647,167197.5756,5896963.125,8728372.996,108.6956949,3385074.452,42.15482313,2703650.573,1076003.852,3779654.425,47.06858476,23453750.33,292.0729547,7968389.978,9488702.51,5996657.844,28.6,57947,19.2,28.7,8.4,Central Virginia,Southwestern,West Central Region,Medium metro,"Counties within MSAs of 250,000-999,999 population",Urban,Metropolitan
51678,678,us-va-678,Lexington City,7802,0,29.69832731,0,134837.1691,39740.46285,174577.632,22.37601025,17782.30013,130570.5045,9310.154939,221079.4371,378742.3967,48.54427027,88416.12376,11.33249471,0,37724.05377,37724.05377,4.83517736,679460.2061,87.0879526,232052.1894,273416.8011,173991.2157,22.6,84517,15.9,28.8,7.7,Central Shenandoah,Northwestern,Valley Region,Rural (Noncore),Rural (Counties not within micropolitan statistical areas),Rural,Nonmetropolitan
51670,670,us-va-670,Hopewell City,22970,8.16,776.4954219,4873780.948,3376466,337110.6051,8587357.553,373.8510036,142819.8933,1048686.918,74775.21612,4226245.538,5492527.565,239.1174386,783114.239,34.09291419,1205766.002,986336.8648,2192102.867,95.43329853,17055102.22,742.494655,7734591.287,6231333.338,3089177.6,37.5,54729,18.2,27.1,9.4,Crater,Central,Central Region,Large fringe metro,NCHS-defined “fringe” counties of MSAs of 1 million or more population,Urban,Metropolitan
51660,660,us-va-660,Harrisonburg City,51164,2.04,141.1809858,1335445.964,672852.6956,1168038.35,3176337.01,62.08148326,57877.34015,424977.2778,30302.43559,1207491.548,1720648.602,33.63006414,2475651.465,48.3865895,2644605.33,179333.9754,2823939.306,55.19387275,10196576.38,199.2920097,2866431.023,4228871.672,3101273.687,25,62254,29.6,29.6,12.8,Central Shenandoah,Northwestern,Valley Region,Small metro,"Counties within MSAS of 50,000 to 249,999 population",Urban,Metropolitan
51650,650,us-va-650,Hampton City,137596,22.44,1976.533801,14434428.76,9256112.594,1540059.06,25230600.42,183.3672521,405726.0292,2979133.854,212423.1493,11533227.03,15130510.07,109.9632988,3321920.078,24.14256285,4437716.112,2510675.656,6948391.768,50.49850118,50631422.33,367.9716149,22494249.21,18571266.62,9565906.505,36.8,69621,10.9,29.6,10.4,Hampton,Eastern,Hampton Roads Region,Large fringe metro,NCHS-defined “fringe” counties of MSAs of 1 million or more population,Urban,Metropolitan
51640,640,us-va-640,Galax City,6739,0,57.57149424,0,156292.3262,244410.5195,400702.8457,59.46028279,34471.75926,253116.5803,18048.13874,428572.0677,734208.5459,108.9491832,909422.9872,134.9492487,615313.5786,73129.71271,688443.2913,102.1580785,2732777.67,405.5167933,524822.3116,1162365.677,1045589.682,42.9,38675,29,19.5,10.4,Mount Rogers,Southwestern,Southwest Region,Rural (Noncore),Rural (Counties not within micropolitan statistical areas),Rural,Nonmetropolitan
51630,630,us-va-630,Fredericksburg City,29992,4.08,282.3619716,2764726.422,1392983.075,900636.8952,5058346.392,168.6565215,73292.44398,538166.1156,38373.21407,1985379.923,2635211.697,87.86382026,1844107.724,61.48665391,1466808.127,358667.9508,1825476.078,60.86543337,11363141.89,378.872429,4448585.132,4145166.297,2769390.462,32.1,86071,11.2,24,10.8,Rappahannock,Northwestern,Northern Region,Large fringe metro,NCHS-defined “fringe” counties of MSAs of 1 million or more population,Urban,Metropolitan
51620,620,us-va-620,Franklin City,8373,2.04,141.1809858,1290205.988,650058.9319,126664.9468,2066929.867,246.8565468,32483.28932,238515.7963,17007.04939,950572.3241,1238578.459,147.9252907,277879.2461,33.18753686,403993.7637,179333.9754,583327.7391,69.66771039,4166715.311,497.6370848,1842824.134,1549550.817,774340.3603,38.3,63245,14.8,27.3,3.6,Western Tidewater,Eastern,Southside Region,Rural (Noncore),Rural (Counties not within micropolitan statistical areas),Rural,Nonmetropolitan
51610,610,us-va-610,Falls Church City,15034,0,35.3680867,0,218622.0102,38646.44633,257268.4565,17.11244223,21177.15002,155497.9469,11087.57283,263286.0975,451048.7673,30.00191348,63154.37411,4.200769862,12430.57735,44926.01858,57356.59592,3.815125444,828828.1938,55.13025102,310527.6136,338637.3846,179663.1956,40.5,143262,5,19.9,2.7,Fairfax,Northern,Northern Region,Large fringe metro,NCHS-defined “fringe” counties of MSAs of 1 million or more population,Urban,Metropolitan
51600,600,us-va-600,Fairfax City,26340,2.04,211.7714787,1695140.362,1281122.329,45387.01553,3021649.706,114.7171491,37102.97535,272436.8712,19425.74621,1095170.162,1424135.755,54.06741667,75785.24893,2.877192442,12430.57735,269000.9631,281431.5405,10.68456873,4803002.251,182.3463269,2575377.173,1534089.934,693535.1438,36.6,132348,10.3,25.4,10.8,Fairfax,Northern,Northern Region,Large fringe metro,NCHS-defined “fringe” counties of MSAs of 1 million or more population,Urban,Metropolitan
51595,595,us-va-595,Emporia City,5402,0,38.52237833,0,154945.7333,25147.43985,180093.1731,33.33824011,23065.82745,169365.9822,12076.41451,286767.1849,491275.409,90.94324491,63154.37411,11.69092449,0,48932.73134,48932.73134,9.058262003,783455.6876,145.0306715,265480.6167,335031.758,182943.3129,36.6,51899,17,21.5,6.8,Crater,Central,Southside Region,Rural (Noncore),Rural (Counties not within micropolitan statistical areas),Rural,Nonmetropolitan
51590,590,us-va-590,Danville City,41993,8.16,917.6764077,3612174.595,2957438.866,652827.5415,7222441.003,171.9915463,148507.3121,1090448.059,77752.93836,4479505.039,5796213.349,138.0280844,2046201.721,48.7272098,2016861.174,1165670.84,3182532.014,75.78720297,18247388.09,434.5340435,6878996.81,6996999.564,4371391.713,40.4,44423,21.6,23,12.3,Pittsylvania/Danville,Southwestern,Southside Region,Rural (Micropolitan),Rural (Counties in micropolitan statistical areas),Rural,Nonmetropolitan
51580,580,us-va-580,Covington City,5663,2.04,141.1809858,757992.2417,381907.7199,175890.6749,1315790.636,232.3486909,25563.8772,187708.4696,13384.30101,880566.5576,1107223.205,195.5188426,656805.4908,115.9818984,478577.2278,179333.9754,657911.2032,116.1771505,3737730.536,660.0265823,1278156.361,1437426.593,1022147.582,38,41944,24.6,22.7,12.3,Alleghany,Southwestern,Valley Region,Rural (Noncore),Rural (Counties not within micropolitan statistical areas),Rural,Nonmetropolitan
51570,570,us-va-570,Colonial Heights City,18674,6.12,423.5429574,3987821.82,2009228.927,522001.6477,6519052.395,349.0978041,40208.77375,295241.8886,21051.82743,2272591.664,2629094.154,140.7890197,1111516.984,59.52216902,31076.44336,538001.9262,569078.3696,30.47436915,10828741.9,579.883362,5472518.232,3229807.76,2126415.91,38.2,76505,8.2,32,8.7,Chesterfield,Central,Central Region,Large fringe metro,NCHS-defined “fringe” counties of MSAs of 1 million or more population,Urban,Metropolitan
51550,550,us-va-550,Chesapeake City,254997,32.64,2682.43873,24251749.3,14510098.66,2509410.485,41271258.44,161.8499764,636073.7103,4670513.075,333024.6792,16973369.32,22612980.78,88.67939929,4686054.559,18.37690074,7818833.15,3407345.533,11226178.68,44.02474807,79796472.47,312.9310246,36190829.84,29371050.17,14234592.45,37.9,95373,8.2,28.3,8.1,Chesapeake,Eastern,Hampton Roads Region,Large central metro,NCHS-defined “central” counties of MSAs of 1 million or more population,Urban,Metropolitan
51540,540,us-va-540,Charlottesville City,44767,4.08,352.9524645,2164209.476,1363022.372,77261.65244,3604493.501,80.51675343,102663.9762,753833.1412,53751.06247,2380399.609,3290647.789,73.50610469,202093.9972,4.514352026,1721634.962,448334.9385,2169969.901,48.47253336,9267205.188,207.0097435,3511421.009,4107992.364,1647791.814,33.1,74824,22.6,29.2,6,Blue Ridge,Northwestern,Central Region,Small metro,"Counties within MSAS of 50,000 to 249,999 population",Urban,Metropolitan
51530,530,us-va-530,Buena Vista City,6581,0,70.5904929,0,260845.213,87790.49582,348635.7088,52.97609919,14999.39979,110136.4381,7853.131204,249612.5138,382601.4828,58.13728656,239986.6216,36.46658891,6215.288673,89666.9877,95882.27638,14.56956031,1067106.09,162.149535,364942.458,354787.5319,347376.0997,35.9,57833,17.1,19.2,5.9,Central Shenandoah,Northwestern,Valley Region,Rural (Noncore),Rural (Counties not within micropolitan statistical areas),Rural,Nonmetropolitan
51520,520,us-va-520,Bristol City,16316,2.04,211.7714787,1056696.379,798610.7562,1226022.043,3081329.178,188.8532225,27294.07414,200412.8265,14290.16816,995930.5686,1237927.637,75.87200524,3284027.454,201.2765049,2206427.479,269000.9631,2475428.442,151.7178501,10078712.71,617.7195827,2696804.114,3753258.847,3628649.751,43.4,50404,21.4,23.7,17.6,Mount Rogers,Southwestern,Southwest Region,Medium metro,"Counties within MSAs of 250,000-999,999 population",Urban,Metropolitan
51510,510,us-va-510,Alexandria City,159102,10.2,988.2669006,7361087.871,5192347.075,893481.608,13446916.55,84.5175834,280081.8395,2056563.37,146640.4966,6334754.031,8818039.737,55.42381452,1717798.976,10.79684087,4795095.211,1255337.828,6050433.039,38.02864225,30033188.31,188.766881,12197355.3,12210971.81,5624861.199,37.7,119681,7,19.9,11,Alexandria,Northern,Northern Region,Large fringe metro,NCHS-defined “fringe” counties of MSAs of 1 million or more population,Urban,Metropolitan
51199,199,us-va-199,York County,71410,6.12,564.7239432,4388107.671,2947879.241,502598.8111,7838585.723,109.76874,86380.38041,634267.2077,45225.57372,2935441.829,3701314.99,51.83188616,972577.3613,13.61962416,2638390.042,717335.9016,3355725.943,46.99238122,15868204.02,222.2126315,6720081.557,6178890.046,2969232.416,39.9,109956,5.8,23.3,4.8,Peninsula,Eastern,Hampton Roads Region,Large fringe metro,NCHS-defined “fringe” counties of MSAs of 1 million or more population,Urban,Metropolitan
51197,197,us-va-197,Wythe County,28100,4.08,635.3144361,2305686.996,2613825.226,421850.8397,5341363.062,190.0840947,125644.1897,922570.484,65782.65269,3004333.677,4118331.004,146.5598222,1035731.735,36.85878062,1358040.575,807002.8893,2165043.464,77.04781012,12660469.27,450.5505077,5023335.158,4879364.104,2757770.003,46,57745,14.6,20.5,8.5,Mount Rogers,Southwestern,Southwest Region,Rural (Noncore),Rural (Counties not within micropolitan statistical areas),Rural,Nonmetropolitan
51195,195,us-va-195,Wise County,34973,5.1,564.7239432,1973466.571,1590902.022,200788.7298,3765157.323,107.6589747,185703.8998,1363572.3,97227.69649,3727222.162,5373726.058,153.653563,719959.8649,20.58616261,1861478.957,717335.9016,2578814.859,73.73730761,12437658.1,355.6360079,4210540.185,5560675.344,2666442.575,41.8,52943,16.6,15.2,10.6,Lenowisco,Southwestern,Southwest Region,Rural (Noncore),Rural (Counties not within micropolitan statistical areas),Rural,Nonmetropolitan
51193,193,us-va-193,Westmoreland County,19235,3.06,211.7714787,1631874.603,822205.6567,87386.17711,2541466.437,132.1271867,34028.63471,249862.8394,17816.1351,1277171.621,1578879.23,82.08366157,227355.7468,11.81989846,770695.7954,269000.9631,1039696.759,54.05233993,5387398.172,280.0830867,2277539.699,2139231.719,970626.7539,47.7,63398,14,19,12.6,Three Rivers,Eastern,Eastern Region,Rural (Noncore),Rural (Counties not within micropolitan statistical areas),Rural,Nonmetropolitan
51191,191,us-va-191,Washington County,54098,3.06,494.1334503,1564195.315,1838914.101,912074.8998,4315184.315,79.76606003,90497.35369,664497.0022,47381.06873,2239918.938,3042294.362,56.23672525,2475651.465,45.76234732,2855925.145,627668.9139,3483594.059,64.39413766,13316724.2,246.1592702,4048883.122,5460539.125,3807301.955,46.9,64552,11.2,11.9,10.3,Mount Rogers,Southwestern,Southwest Region,Medium metro,"Counties within MSAs of 250,000-999,999 population",Urban,Metropolitan
51187,187,us-va-187,Warren County,42461,7.14,635.3144361,4889339.603,3167293.794,1184432.924,9241066.321,217.6365682,75910.03127,557386.3341,39743.686,3140474.742,3813514.794,89.81217573,2399866.216,56.51930516,2100767.571,807002.8893,2907770.461,68.48096985,18362217.79,432.4490189,7818485.233,6402777.309,4140955.25,40.5,84682,11.1,13.1,12.2,Lord Fairfax,Northwestern,Northern Region,Large fringe metro,NCHS-defined “fringe” counties of MSAs of 1 million or more population,Urban,Metropolitan
51185,185,us-va-185,Tazewell County,38875,12.24,1270.628872,5340083.357,4035831.003,885679.0258,10261593.39,263.963817,214642.1574,1576057.91,112378.6983,6490328.48,8393407.246,215.9075819,2816685.085,72.45492181,2470577.247,1614005.779,4084583.026,105.0696598,25556268.74,657.3959805,9811673.339,9696122.788,6048472.617,45,47313,17,19.5,6.5,Cumberland Plateau,Southwestern,Southwest Region,Rural (Micropolitan),Rural (Counties in micropolitan statistical areas),Rural,Nonmetropolitan
51183,183,us-va-183,Sussex County,10753,2.04,141.1809858,905926.9447,456443.3181,20213.33121,1382583.594,128.5765455,83762.79312,615046.9893,43855.10179,1469382.435,2212047.319,205.714435,63154.37411,5.87318647,285903.2789,179333.9754,465237.2544,43.26580995,4123022.542,383.4299769,1601680.208,1813105.213,708237.1205,40.8,63530,9.8,22,11.2,Crater,Central,Southside Region,Large fringe metro,NCHS-defined “fringe” counties of MSAs of 1 million or more population,Urban,Metropolitan
51181,181,us-va-181,Surry County,6579,0,13.11494521,0,62983.6603,6005.078097,68988.73839,10.48620435,7852.761855,57660.65525,4111.415793,97629.8993,167254.7322,25.42251591,12630.87482,1.919877614,133628.7065,16659.1503,150287.8568,22.84357148,399162.2022,60.67216935,96004.1428,219309.4192,83848.64019,50.4,78041,9.2,19,4.9,Crater,Central,Hampton Roads Region,Large fringe metro,NCHS-defined “fringe” counties of MSAs of 1 million or more population,Urban,Metropolitan
51179,179,us-va-179,Stafford County,168919,27.54,2258.895773,22211559.72,13263524.6,2474286.011,37949370.33,224.6601645,115173.8405,845689.6103,60300.76496,10050587.23,11071751.45,65.5447371,4256604.815,25.19908841,4378670.87,2869343.607,7248014.476,42.9082251,60525741.07,358.3122152,30642473.35,19282921.39,10600346.33,36.3,137807,4.5,20.1,8.5,Rappahannock,Northwestern,Northern Region,Large fringe metro,NCHS-defined “fringe” counties of MSAs of 1 million or more population,Urban,Metropolitan
51177,177,us-va-177,Spotsylvania County,152021,19.38,1694.17183,14834632.62,9441219.901,682895.0694,24958747.59,164.1796041,235582.8557,1729819.657,123342.4738,8781084.733,10869829.72,71.50215905,1237825.733,8.1424654,4605528.906,2152007.705,6757536.611,44.4513364,43823939.66,288.2755649,21067993.26,15813634.38,6942312.026,38.6,112738,6.1,24.1,9.6,Rappahannock,Northwestern,Northern Region,Large fringe metro,NCHS-defined “fringe” counties of MSAs of 1 million or more population,Urban,Metropolitan
51175,175,us-va-175,Southampton County,17941,1.02,141.1809858,598685.3321,603284.6712,42745.78645,1244715.79,69.3782838,69602.6148,511072.7219,36441.35592,1113014.182,1730130.875,96.4344727,101046.9986,5.632183188,298333.8563,179333.9754,477667.8317,26.62437053,3553561.495,198.0693102,1373223.689,1528616.054,651721.7507,47.3,70795,8,15.8,7.1,Western Tidewater,Eastern,Southside Region,Rural (Noncore),Rural (Counties not within micropolitan statistical areas),Rural,Nonmetropolitan
51173,173,us-va-173,Smyth County,29137,2.04,423.5429574,1008942.532,1525040.446,490758.2841,3024741.262,103.8110053,112556.2533,826469.3919,58930.29303,2152130.862,3150086.8,108.1129423,1376765.356,47.25144509,1740280.828,538001.9262,2278282.755,78.19208411,9829876.173,337.3674768,3098512.038,4143633.439,2587730.696,46.4,49883,17.8,15.5,8.6,Mount Rogers,Southwestern,Southwest Region,Rural (Noncore),Rural (Counties not within micropolitan statistical areas),Rural,Nonmetropolitan
51171,171,us-va-171,Shenandoah County,45441,8.16,705.904929,5240778.436,3300650.114,456042.2943,8997470.844,198.0033636,88997.96769,653487.4261,46596.04565,3583853.893,4372935.332,96.23325482,985208.2361,21.68104215,2172243.391,896669.877,3068913.268,67.53621769,17424527.68,383.4538782,7739712.744,6476218.385,3208596.552,42.9,67191,10.7,15.2,11.4,Lord Fairfax,Northwestern,Valley Region,Rural (Noncore),Rural (Counties not within micropolitan statistical areas),Rural,Nonmetropolitan
51169,169,us-va-169,Scott County,21388,2.04,211.7714787,868886.633,656671.3245,620380.0305,2145937.988,100.333738,18323.111,134541.5289,9593.303517,905168.6454,1067626.589,49.91708383,2020939.972,94.489432,1538283.946,269000.9631,1807284.91,84.49994902,7041789.458,329.2402028,1923597.854,2695165.859,2423025.745,47.7,46349,19.8,18.1,8.6,Lenowisco,Southwestern,Southwest Region,Medium metro,"Counties within MSAs of 250,000-999,999 population",Urban,Metropolitan
51167,167,us-va-167,Russell County,25420,4.08,494.1334503,1653653.232,1458062.597,295174.7108,3406890.54,134.0240181,75910.03127,557386.3341,39743.686,2305440.109,2978480.16,117.170738,1010469.986,39.75098292,2271688.01,627668.9139,2899356.924,114.0581009,10295197.61,405.0038399,3316618.987,4497503.151,2481075.472,46.7,50012,17.9,15.2,7.3,Cumberland Plateau,Southwestern,Southwest Region,Rural (Noncore),Rural (Counties not within micropolitan statistical areas),Rural,Nonmetropolitan
51165,165,us-va-165,Rockingham County,87674,4.08,494.1334503,3005957.942,2650419.544,1019462.378,6675839.864,76.14389516,99177.89696,728235.8271,51925.88027,2540848.081,3420187.685,39.01028452,1919892.973,21.89808806,5354471.192,627668.9139,5982140.105,68.23163202,17998060.63,205.2838998,5846405.752,8059720.041,4091934.834,40.1,80693,9.6,18.4,13.8,Central Shenandoah,Northwestern,Valley Region,Small metro,"Counties within MSAS of 50,000 to 249,999 population",Urban,Metropolitan
51163,163,us-va-163,Rockbridge County,22368,2.04,282.3619716,1010952.827,1018719.369,369929.9165,2399602.112,107.2783491,50981.09321,374340.0467,26691.81565,1333438.331,1785451.286,79.82167768,1035731.735,46.30417272,1330071.776,358667.9508,1688739.727,75.49802069,6909524.861,308.9022202,2263090.466,2825524.704,1820909.691,49.8,65469,7.6,12.1,8,Central Shenandoah,Northwestern,Valley Region,Rural (Noncore),Rural (Counties not within micropolitan statistical areas),Rural,Nonmetropolitan
51161,161,us-va-161,Roanoke County,97334,15.3,1270.628872,10374985.65,6272814.253,1296343.956,17944143.86,184.3563797,567960.1487,4170374.058,297362.9365,10704268.96,15739966.1,161.7108729,2652483.713,27.25135834,4686327.659,1614005.779,6300333.438,64.72900978,42636927.11,438.0476207,17357818.37,17234549.67,8044559.066,43.5,83709,7.7,15.6,5.8,Alleghany,Southwestern,West Central Region,Medium metro,"Counties within MSAs of 250,000-999,999 population",Urban,Metropolitan
51159,159,us-va-159,Richmond County,9215,1.02,70.5904929,637809.8731,321354.8912,11384.81401,970549.5784,105.3227974,15705.52371,115321.3105,8222.831586,469862.0657,609111.7315,66.10002512,25261.74964,2.741372723,189566.3045,89666.9877,279233.2922,30.30203931,1884156.352,204.4662346,868756.3746,724682.0242,290717.9529,43.8,66304,9,16.8,8.3,Three Rivers,Eastern,Eastern Region,Rural (Noncore),Rural (Counties not within micropolitan statistical areas),Rural,Nonmetropolitan
51157,157,us-va-157,Rappahannock County,7479,0,30.60153882,0,166866.1204,75002.34332,241868.4637,32.3396796,18323.111,134541.5289,9593.303517,227803.0984,390261.0418,52.18091213,138939.623,18.57729951,239288.6139,38871.35069,278159.9646,37.19213325,1049229.093,140.2900245,286519.6919,492456.1069,270253.2944,50.6,83380,10.6,23,15.7,Rappahannock/Rapidan,Northwestern,Northern Region,Large fringe metro,NCHS-defined “fringe” counties of MSAs of 1 million or more population,Urban,Metropolitan
51155,155,us-va-155,Pulaski County,33579,12.24,1129.447886,6525974.679,4384073.21,558170.2502,11468218.14,341.529472,240818.0302,1768260.094,126083.4176,6559439.452,8694600.994,258.9297178,1452550.605,43.25770882,1929847.133,1434671.803,3364518.936,100.1971153,24979888.67,743.9140139,10712953.34,9429630.726,4837304.61,46.8,62028,14.3,23.8,9,New River,Southwestern,West Central Region,Small metro,"Counties within MSAS of 50,000 to 249,999 population",Urban,Metropolitan
51153,153,us-va-153,Prince William County,497003,49.98,4306.020067,39758903.36,24938011.96,5749942.824,70446858.14,141.7433258,656042.5571,4817138.786,343479.6292,23048952.43,28865613.41,58.07935446,10028914.61,20.17878083,16883831.68,5469686.25,22353517.93,44.97662575,131694904.1,264.9780868,59234460.85,47765521.79,24694921.45,36.3,131402,5.6,22.4,13.3,Prince William,Northern,Northern Region,Large fringe metro,NCHS-defined “fringe” counties of MSAs of 1 million or more population,Urban,Metropolitan
51149,149,us-va-149,Prince George County,43589,2.04,141.1809858,1471897.197,741602.4487,505758.1787,2719257.825,62.38403782,271022.0431,1990039.795,141897.1221,3363940.398,5766899.358,132.3017128,972577.3613,22.3124495,1056599.074,179333.9754,1235933.05,28.35424189,10694667.59,245.352442,3566112.563,4877376.506,2251178.526,33.2,84897,8,13.7,6.9,Crater,Central,Central Region,Large fringe metro,NCHS-defined “fringe” counties of MSAs of 1 million or more population,Urban,Metropolitan
51147,147,us-va-147,Prince Edward County,22276,1.02,70.5904929,456265.4278,229885.3202,105875.5349,792026.2828,35.55513929,54969.33299,403624.5867,28779.91055,867105.7935,1354479.624,60.80443633,328402.7454,14.74244682,553160.6919,89666.9877,642827.6796,28.85741065,3117736.332,139.9594331,953364.9806,1445233.146,719138.2054,32.6,56315,19.3,23,8.4,Piedmont,Central,Southside Region,Rural (Noncore),Rural (Counties not within micropolitan statistical areas),Rural,Nonmetropolitan
51145,145,us-va-145,Powhatan County,32392,2.04,141.1809858,1344805.362,677568.3459,90017.1797,2112390.887,65.21335167,68057.26941,499725.6788,35632.2702,1310484.944,1913900.162,59.0855817,189463.1223,5.849071448,683681.754,179333.9754,863015.7294,26.64286643,5078769.901,156.7908712,2055554.024,2142958.747,880257.1307,45.8,110537,4.9,20.5,6.1,Chesterfield,Central,Central Region,Large fringe metro,NCHS-defined “fringe” counties of MSAs of 1 million or more population,Urban,Metropolitan
51143,143,us-va-143,Pittsylvania County,59410,11.22,1058.857393,5453369.596,3746771.286,194683.7175,9394824.6,158.1354082,210102.1459,1542721.863,110001.7162,5937713.069,7800538.794,131.3000975,555758.4922,9.354628719,1864586.602,1345004.816,3209591.417,54.02443052,20960713.3,352.814565,8936056.072,8240369.352,3784287.879,48.1,54085,13,23.3,7.8,Pittsylvania/Danville,Southwestern,Southside Region,Rural (Micropolitan),Rural (Counties in micropolitan statistical areas),Rural,Nonmetropolitan
51141,141,us-va-141,Patrick County,17308,1.02,141.1809858,461035.412,464577.2696,197505.9706,1123118.652,64.8901463,39263.80928,288303.2762,20557.07896,806067.3924,1154191.557,66.68543777,606281.9915,35.02900344,708542.9087,179333.9754,887876.8841,51.29864133,3771469.085,217.9032288,1150113.303,1593016.626,1028339.156,51.8,53038,14.2,16,9.3,West Piedmont,Southwestern,Southside Region,Rural (Noncore),Rural (Counties not within micropolitan statistical areas),Rural,Nonmetropolitan
51139,139,us-va-139,Page County,23686,1.02,141.1809858,547525.9415,551732.2538,728107.787,1827365.982,77.1496235,47116.57113,345963.9315,24668.49476,885516.138,1303265.135,55.0225929,1882000.349,79.45623358,867032.7698,179333.9754,1046366.745,44.17659146,6058998.211,255.8050414,1749191.003,2189304.413,2120502.795,45.4,57037,12.5,20.3,12.4,Lord Fairfax,Northwestern,Valley Region,Rural (Noncore),Rural (Counties not within micropolitan statistical areas),Rural,Nonmetropolitan
51137,137,us-va-137,Orange County,38986,5.1,423.5429574,3485782.944,2107537.27,205328.381,5798648.595,148.73669,86380.38041,634267.2077,45225.57372,2526618.164,3292491.326,84.45317103,416818.8691,10.69150129,1566252.746,538001.9262,2104254.672,53.9746235,11612213.46,297.8559858,5108270.118,4524987.356,1978955.988,42.1,94008,9.3,16.1,9.3,Rappahannock/Rapidan,Northwestern,Central Region,Rural (Micropolitan),Rural (Counties in micropolitan statistical areas),Rural,Nonmetropolitan
51135,135,us-va-135,Nottoway County,15632,1.02,70.5904929,514824.8555,259389.9725,41352.97153,815567.7995,52.17296568,57586.92027,422844.8051,30150.38248,893588.7087,1404170.817,89.8266899,113677.8734,7.272125985,531407.1815,89666.9877,621074.1692,39.73094737,2954490.659,189.0027289,975600.855,1422148.17,556741.6339,41.5,63261,19.5,16.5,15,Piedmont,Central,Southside Region,Rural (Noncore),Rural (Counties not within micropolitan statistical areas),Rural,Nonmetropolitan
51133,133,us-va-133,Northumberland County,12397,0,70.5904929,0,171818.6214,15217.7787,187036.4001,15.08723079,23558.28557,172981.9657,12334.24738,336205.3267,545079.8254,43.96868802,63154.37411,5.094327185,320087.3666,89666.9877,409754.3543,33.05270262,1205024.954,97.20294861,286035.7018,625174.4632,293814.7889,59.5,66480,12.5,18.2,13.3,Three Rivers,Eastern,Eastern Region,Rural (Noncore),Rural (Counties not within micropolitan statistical areas),Rural,Nonmetropolitan
51131,131,us-va-131,Northampton County,12004,1.02,141.1809858,579085.6027,583534.3689,36178.07997,1198798.052,99.86654878,20940.69828,153761.7473,10963.77545,620686.9861,806353.2071,67.17370936,88416.12376,7.365555128,164705.1498,179333.9754,344039.1252,28.66037365,2437606.508,203.0661869,1089678.417,892103.8507,455824.2396,52.5,61632,15.3,11.7,15.8,Eastern Shore,Eastern,Eastern Region,Rural (Noncore),Rural (Counties not within micropolitan statistical areas),Rural,Nonmetropolitan
51127,127,us-va-127,New Kent County,27218,1.02,70.5904929,732095.758,368860.0045,307093.3804,1408049.143,51.73227801,39263.80928,288303.2762,20557.07896,708208.3024,1056332.467,38.81006932,593651.1167,21.81097497,932293.3009,89666.9877,1021960.289,37.54722201,4079993.015,149.9005443,1330082.635,1760553.034,989357.3459,42.9,123314,4.4,18.6,5.2,Chickahominy,Central,Central Region,Large fringe metro,NCHS-defined “fringe” counties of MSAs of 1 million or more population,Urban,Metropolitan
51125,125,us-va-125,Nelson County,14766,1.02,141.1809858,627409.2203,632229.2277,128790.3844,1388428.832,94.02877099,18323.111,134541.5289,9593.303517,594204.0709,756662.0143,51.24353341,290510.1209,19.67425985,363594.3874,179333.9754,542928.3628,36.76881774,2978529.33,201.715382,1221830.72,1099406.902,657291.7079,51.3,72589,14,13.5,9.9,Blue Ridge,Northwestern,Central Region,Small metro,"Counties within MSAS of 50,000 to 249,999 population",Urban,Metropolitan
51121,121,us-va-121,Montgomery County,98998,13.26,1200.038379,8382002.125,5522643.54,1329294.173,15233939.84,153.8812889,167154.2599,1227367.432,87515.79084,6125125.581,7607163.064,76.84158331,2917732.084,29.47263666,2818633.413,1524338.791,4342972.204,43.86929235,30101807.19,304.0648012,13204160.53,10631419.91,6266226.754,30.2,72715,30.1,29.1,5.9,New River,Southwestern,West Central Region,Small metro,"Counties within MSAS of 50,000 to 249,999 population",Urban,Metropolitan
51119,119,us-va-119,Middlesex County,10949,3.06,211.7714787,1271135.602,640450.4858,11344.79335,1922930.881,175.626165,23558.28557,172981.9657,12334.24738,1171239.96,1380114.459,126.0493615,37892.62447,3.460829707,463039.0061,269000.9631,732039.9692,66.85907108,4072977.934,371.9954273,1767930.899,1614278.027,690769.0076,55.5,75060,8.2,8.7,9.3,Three Rivers,Eastern,Eastern Region,Rural (Noncore),Rural (Counties not within micropolitan statistical areas),Rural,Nonmetropolitan
51117,117,us-va-117,Mecklenburg County,30824,6.12,494.1334503,2967047.564,1744074.269,211845.48,4922967.313,159.71215,109938.666,807249.1735,57559.8211,3075928.975,4050676.636,131.4130754,606281.9915,19.66915363,854602.1925,627668.9139,1482271.106,48.08821394,11062197.05,358.882593,4684141.217,4246016.208,2132039.621,49.2,57045,14.5,15.8,9.1,Southside,Central,Southside Region,Rural (Noncore),Rural (Counties not within micropolitan statistical areas),Rural,Nonmetropolitan
51115,115,us-va-115,Mathews County,8602,1.02,70.5904929,484171.9559,243945.7788,17284.79881,745402.5335,86.65456098,13087.93643,96101.09208,6852.359655,443379.1505,559420.5386,65.03377571,50523.49929,5.873459578,382240.2534,89666.9877,471907.2411,54.86017683,1827253.813,212.4219731,693871.2604,803244.2751,330138.277,55,75880,8.3,20.1,11.7,Three Rivers,Eastern,Hampton Roads Region,Large fringe metro,NCHS-defined “fringe” counties of MSAs of 1 million or more population,Urban,Metropolitan
51113,113,us-va-113,Madison County,14252,1.02,211.7714787,601975.6644,909900.4216,118196.9642,1630073.05,114.3750386,20940.69828,153761.7473,10963.77545,718546.0761,904212.2972,63.44459003,277879.2461,19.49756147,550053.0475,269000.9631,819054.0106,57.46940855,3631218.604,254.7865987,1436788.78,1394392.679,800037.1451,46.4,84323,10,14.5,7.6,Rappahannock/Rapidan,Northwestern,Central Region,Rural (Noncore),Rural (Counties not within micropolitan statistical areas),Rural,Nonmetropolitan
51111,111,us-va-111,Lunenburg County,12060,1.02,70.5904929,506640.581,255266.3978,36173.84446,798080.8233,66.175856,26175.87285,192202.1842,13704.71931,575793.7264,807876.5027,66.98810139,101046.9986,8.378689766,366702.0317,89666.9877,456369.0194,37.8415439,2163373.344,179.3841911,800966.7309,951414.3154,410992.2978,44.6,54842,13.2,6.6,15.2,Piedmont,Central,Southside Region,Rural (Noncore),Rural (Counties not within micropolitan statistical areas),Rural,Nonmetropolitan
51109,109,us-va-109,Louisa County,42109,4.08,564.7239432,2744102.492,2765183.78,91840.93633,5601127.209,133.0149661,117791.4278,864909.8287,61671.23689,2827025.842,3871398.335,91.937551,189463.1223,4.499349838,1786895.493,717335.9016,2504231.395,59.47021765,12166220.06,288.9220846,5113771.271,4967297.079,2085151.712,44.8,86689,8.9,20.8,8.4,Blue Ridge,Northwestern,Central Region,Rural (Noncore),Rural (Counties not within micropolitan statistical areas),Rural,Nonmetropolitan
51107,107,us-va-107,Loudoun County,443380,16.32,1270.628872,14322471.37,8118282.54,1821535.056,24262288.96,54.72120746,397873.2673,2921473.199,208311.7335,9196554.481,12724212.68,28.69821075,2879839.46,6.495194775,10718265.32,1614005.779,12332271.09,27.81422503,52198612.2,117.728838,21144637.33,21725379.49,9328595.373,38.2,181765,3.9,21.3,6.7,Loudoun,Northern,Northern Region,Large fringe metro,NCHS-defined “fringe” counties of MSAs of 1 million or more population,Urban,Metropolitan
51105,105,us-va-105,Lee County,21780,3.06,423.5429574,1054118.639,1062216.798,294781.8895,2411117.327,110.7032749,91615.55498,672707.6445,47966.51758,2153373.025,2965662.742,136.1644969,1187302.233,54.51341751,1395332.307,538001.9262,1933334.233,88.76649372,8497416.536,390.147683,2596219.369,3598472.015,2302725.152,45.5,41827,28.5,24,12,Lenowisco,Southwestern,Southwest Region,Rural (Noncore),Rural (Counties not within micropolitan statistical areas),Rural,Nonmetropolitan
51103,103,us-va-103,Lancaster County,11062,0,21.85824201,0,84549.25673,24183.64798,108732.9047,9.829407405,13087.93643,96101.09208,6852.359655,162716.4988,278757.887,25.19959203,63154.37411,5.709128016,251719.1912,27765.2505,279484.4417,25.26527226,730129.6076,66.00339971,157170.0415,394624.2329,178335.3332,58.2,69713,6.6,11.6,13.3,Three Rivers,Eastern,Eastern Region,Rural (Noncore),Rural (Counties not within micropolitan statistical areas),Rural,Nonmetropolitan
51101,101,us-va-101,King William County,19232,1.02,141.1809858,949454.3766,956748.4631,101685.74,2007888.58,104.4035243,47116.57113,345963.9315,24668.49476,885516.138,1303265.135,67.76545005,151570.4979,7.881161495,581129.4909,179333.9754,760463.4663,39.54156959,4223187.679,219.5917055,1813275.32,1689255.794,720656.566,40.9,86056,5.1,29.1,6.9,Three Rivers,Eastern,Central Region,Large fringe metro,NCHS-defined “fringe” counties of MSAs of 1 million or more population,Urban,Metropolitan
51099,99,us-va-099,King George County,28816,4.08,352.9524645,4190235.238,2639016.433,373975.4655,7203227.136,249.9731794,41881.39656,307523.4947,21927.5509,1765444.031,2136776.473,74.15243175,505234.9929,17.53314106,854602.1925,448334.9385,1302937.131,45.21575274,11148175.73,386.8745049,5814277.166,3627982.543,1705916.025,38.3,116884,6.4,19.4,4.3,Rappahannock,Northwestern,Northern Region,Rural (Noncore),Rural (Counties not within micropolitan statistical areas),Rural,Nonmetropolitan
51097,97,us-va-097,King and Queen County,6747,0,141.1809858,0,706566.8836,0,706566.8836,104.723119,2617.587285,19220.21842,1370.471931,222201.0952,245409.3729,36.37310996,0,0,257934.4799,179333.9754,437268.4553,64.80931604,1389244.712,205.905545,578768.0918,525509.9449,284966.675,49.3,70469,14.8,16.7,8.6,Three Rivers,Eastern,Eastern Region,Large fringe metro,NCHS-defined “fringe” counties of MSAs of 1 million or more population,Urban,Metropolitan
51095,95,us-va-095,James City County,82797,4.08,494.1334503,2221722.326,1958941.671,297430.667,4478094.664,54.0852285,248670.7921,1825920.749,130194.8334,4053312.511,6258098.886,75.58364296,757852.4893,9.153139478,2355594.407,627668.9139,2983263.321,36.03105573,14477309.36,174.8530667,4968320.083,6596508.245,2912481.032,47.1,109985,7.4,25.8,7.7,Peninsula,Eastern,Hampton Roads Region,Large fringe metro,NCHS-defined “fringe” counties of MSAs of 1 million or more population,Urban,Metropolitan
51093,93,us-va-093,Isle of Wight County,40942,3.06,423.5429574,2145255.256,2161735.961,178698.3153,4485689.532,109.562052,62822.09484,461285.242,32891.32634,1862060.958,2419059.621,59.08503789,353664.495,8.638183162,870140.4142,538001.9262,1408142.34,34.39358948,8666555.989,211.6788625,3917372.993,3184869.212,1564313.784,43.8,95241,7,22.9,7.2,Western Tidewater,Eastern,Hampton Roads Region,Large fringe metro,NCHS-defined “fringe” counties of MSAs of 1 million or more population,Urban,Metropolitan
51091,91,us-va-091,Highland County,2348,0,0,0,0,7628.282056,7628.282056,3.248842443,0,0,0,0,0,0,25261.74964,10.75883716,102552.2631,0,102552.2631,43.67643232,135442.2948,57.68411192,6790.479484,86992.11983,41659.69549,56.5,65625,14.1,5.4,6.4,Central Shenandoah,Northwestern,Valley Region,Rural (Noncore),Rural (Counties not within micropolitan statistical areas),Rural,Nonmetropolitan
51089,89,us-va-089,Henry County,49385,8.16,1129.447886,3883363.286,3913196.829,706171.7577,8502731.873,172.1723575,269912.2154,1981890.638,141316.0574,6001372.106,8394491.017,169.9805815,2058832.596,41.68943193,2622851.82,1434671.803,4057523.623,82.16105342,23013579.11,466.0034243,8510029.316,9261419.997,5242129.796,47.7,50760,15.6,20,10.8,West Piedmont,Southwestern,Southside Region,Rural (Micropolitan),Rural (Counties in micropolitan statistical areas),Rural,Nonmetropolitan
51087,87,us-va-087,Henrico County,338696,51,4235.429574,36558429.57,22103571.59,3634774.137,62296775.29,183.9312401,1211942.913,8898961.126,634528.504,28788409.36,39533841.9,116.7236752,7035397.276,20.7720117,10186858.13,5380019.262,15566877.4,45.96120827,124432891.9,367.3881353,56080288.32,46127262.06,22225341.49,39.4,88783,7.8,23.2,8.6,Henrico,Central,Central Region,Large fringe metro,NCHS-defined “fringe” counties of MSAs of 1 million or more population,Urban,Metropolitan
51085,85,us-va-085,Hanover County,115309,14.28,1058.857393,11693416.88,6312455.55,1334354.224,19340226.65,167.7252136,212024.5701,1556837.692,111008.2264,6596479.264,8476349.752,73.50987132,2260926.593,19.60754662,2597990.665,1345004.816,3942995.481,34.19503665,34020498.48,295.0376682,16385992.72,11705445.95,5929059.811,42.7,112805,5,19.9,5.6,Chickahominy,Central,Central Region,Large fringe metro,NCHS-defined “fringe” counties of MSAs of 1 million or more population,Urban,Metropolitan
51083,83,us-va-083,Halifax County,33448,2.04,282.3619716,1059053.42,1067189.49,217395.4297,2343638.339,70.06811585,75910.03127,557386.3341,39743.686,1585651.87,2258691.921,67.52845973,581020.2418,17.37085153,714758.1974,358667.9508,1073426.148,32.09238664,6256776.65,187.0598137,2331222.688,2511973.795,1413580.167,46.5,52013,15.8,22.4,9.6,Southside,Central,Southside Region,Rural (Noncore),Rural (Counties not within micropolitan statistical areas),Rural,Nonmetropolitan
51081,81,us-va-081,Greensville County,11150,3.06,282.3619716,1156798.747,777123.8234,41297.38072,1975219.951,177.1497714,47609.02925,349579.9151,24926.32762,1512427.633,1934542.905,173.5016059,151570.4979,13.59376663,320087.3666,358667.9508,678755.3175,60.87491636,4740088.671,425.1200602,1959464.438,1859708.17,920916.0641,39.8,54668,14.5,22.7,8,Crater,Central,Southside Region,Rural (Noncore),Rural (Counties not within micropolitan statistical areas),Rural,Nonmetropolitan
51079,79,us-va-079,Greene County,21744,4.08,564.7239432,2532836.268,2552294.525,271264.5669,5356395.36,246.3390066,31411.04742,230642.621,16445.66317,1953089.641,2231588.972,102.6301036,606281.9915,27.88272588,848386.9038,717335.9016,1565722.805,72.00711946,9759989.129,448.8589555,4506860.476,3329360.598,1923768.056,40.3,89808,11.1,13,8.2,Blue Ridge,Northwestern,Central Region,Small metro,"Counties within MSAS of 50,000 to 249,999 population",Urban,Metropolitan
51077,77,us-va-077,Grayson County,15265,1.02,141.1809858,401548.1585,404633.0113,200692.1439,1006873.314,65.9596013,78084.494,573352.8116,40882.1543,1198827.896,1891147.356,123.8878058,707328.9901,46.33665182,814202.8161,179333.9754,993536.7915,65.08593459,4598886.452,301.2699936,1269086.509,2082830.434,1246969.508,48.4,47730,17.2,20.5,10.4,Mount Rogers,Southwestern,Southwest Region,Rural (Noncore),Rural (Counties not within micropolitan statistical areas),Rural,Nonmetropolitan
51075,75,us-va-075,Goochland County,28223,2.04,211.7714787,1498943.629,1132844.333,86956.76289,2718744.725,96.33081973,39263.80928,288303.2762,20557.07896,1117031.967,1465156.131,51.91355035,164201.3727,5.817998536,584237.1352,269000.9631,853238.0983,30.23201284,5201340.328,184.2943815,2372224.701,1956293.189,872822.4376,50.5,118931,5,9.7,4.3,Chickahominy,Central,Central Region,Large fringe metro,NCHS-defined “fringe” counties of MSAs of 1 million or more population,Urban,Metropolitan
51073,73,us-va-073,Gloucester County,40154,5.1,494.1334503,2949367.021,2080417.663,231641.4094,5261426.094,131.0311823,47116.57113,345963.9315,24668.49476,2227233.526,2644982.524,65.87095989,555758.4922,13.8406757,1926739.489,627668.9139,2554408.402,63.61529119,11016575.51,274.3581091,4550944.483,4365792.905,2099838.123,44.8,84306,4.8,10,7.8,Three Rivers,Eastern,Hampton Roads Region,Large fringe metro,NCHS-defined “fringe” counties of MSAs of 1 million or more population,Urban,Metropolitan
51071,71,us-va-071,Giles County,16533,2.04,211.7714787,1189632.212,899078.5802,212347.6297,2301058.422,139.1797267,52351.7457,384404.3683,27409.43862,1249446.543,1713612.096,103.6479826,505234.9929,30.55918423,848386.9038,269000.9631,1117387.867,67.58530617,5637293.377,340.9721997,2150654.655,2273499.945,1213138.778,45.4,65691,8.2,18.8,9.8,New River,Southwestern,West Central Region,Small metro,"Counties within MSAS of 50,000 to 249,999 population",Urban,Metropolitan
51069,69,us-va-069,Frederick County,98109,4.08,282.3619716,3422740.402,1724517.628,1137902.221,6285160.251,64.06303449,228439.5361,1677368.24,119602.4957,3555049.56,5580459.832,56.88020295,1882000.349,19.18274927,3850371.333,358667.9508,4209039.284,42.90166329,17956659.71,183.02765,6140605.971,7953442.916,3862610.827,40.8,97606,6.2,15,9.4,Lord Fairfax,Northwestern,Valley Region,Small metro,"Counties within MSAS of 50,000 to 249,999 population",Urban,Metropolitan
51067,67,us-va-067,Franklin County,55637,4.08,635.3144361,2334603.99,2646606.766,1291842.653,6273053.409,112.7496703,214642.1574,1576057.91,112378.6983,3904752.794,5807831.56,104.3879354,3132456.956,56.30168693,2967800.341,807002.8893,3774803.231,67.84699446,18988145.16,341.2862871,6238548.958,7682770.402,5066825.796,48.4,68849,11.8,14.6,10.5,West Piedmont,Southwestern,West Central Region,Medium metro,"Counties within MSAs of 250,000-999,999 population",Urban,Metropolitan
51065,65,us-va-065,Fluvanna County,28746,5.1,423.5429574,3220352.49,1947055.512,91972.52207,5259380.523,182.9604301,62822.09484,461285.242,32891.32634,2288271.927,2845270.59,98.97970467,202093.9972,7.030334556,1292780.044,538001.9262,1830781.97,63.68823385,10137527.08,352.6587032,4588110.472,3900295.574,1649121.035,43.5,96768,8.5,17,10.3,Blue Ridge,Northwestern,Central Region,Small metro,"Counties within MSAS of 50,000 to 249,999 population",Urban,Metropolitan
51063,63,us-va-063,Floyd County,15658,2.04,211.7714787,1250485.454,945069.1359,212049.3531,2407603.943,153.7619072,23558.28557,172981.9657,12334.24738,958134.4758,1167008.974,74.53116455,479973.2433,30.65354728,553160.6919,269000.9631,822161.655,52.50745018,4876747.816,311.4540692,2078365.144,1753070.665,1045312.006,48.1,62191,8.8,9.8,12.3,New River,Southwestern,West Central Region,Small metro,"Counties within MSAS of 50,000 to 249,999 population",Urban,Metropolitan
51061,61,us-va-061,Fauquier County,75865,7.14,564.7239432,6112977.146,3519965.412,662488.5316,10295431.09,135.7072575,154437.6498,1133992.887,80857.84393,3837103.108,5206391.488,68.62705448,1073624.36,14.15177433,1671912.653,717335.9016,2389248.555,31.49342325,18964695.49,249.9795096,8906148.61,6825049.765,3233497.117,41.2,130189,6.4,17,8.4,Rappahannock/Rapidan,Northwestern,Northern Region,Large fringe metro,NCHS-defined “fringe” counties of MSAs of 1 million or more population,Urban,Metropolitan
51059,59,us-va-059,Fairfax County,1160925,56.1,5929.601404,39848894.9,30663841.07,6039558.266,76552294.24,65.94077502,1635298.848,12007546.5,856182.0203,36485773.84,50984801.21,43.9173945,11797237.08,10.16192871,27058259.24,7532026.967,34590286.2,29.79545294,173924618.7,149.8155512,69726759.17,70196524.09,34001335.47,39.1,153637,5.7,20.5,9.3,Fairfax,Northern,Northern Region,Large fringe metro,NCHS-defined “fringe” counties of MSAs of 1 million or more population,Urban,Metropolitan
51057,57,us-va-057,Essex County,10683,5.1,423.5429574,2649480.834,1601901.12,108773.5545,4360155.508,408.1396151,20940.69828,153761.7473,10963.77545,1864545.284,2050211.505,191.9134611,290510.1209,27.19368351,453716.0731,538001.9262,991717.9993,92.83141433,7692595.134,720.0781741,3723248.229,2610718.621,1358628.284,47.1,56520,9.7,22.3,13.4,Three Rivers,Eastern,Eastern Region,Rural (Noncore),Rural (Counties not within micropolitan statistical areas),Rural,Nonmetropolitan
51053,53,us-va-053,Dinwiddie County,28576,3.06,282.3619716,2083501.036,1399671.547,105372.2113,3588544.794,125.5789752,31411.04742,230642.621,16445.66317,1348547.796,1627047.127,56.93753946,214724.872,7.514168252,602883.0012,358667.9508,961550.9521,33.6488995,6391867.746,223.6795824,3047736.017,2277582.23,1066549.499,43.1,83704,10.6,25.9,8.7,Crater,Central,Central Region,Large fringe metro,NCHS-defined “fringe” counties of MSAs of 1 million or more population,Urban,Metropolitan
51051,51,us-va-051,Dickenson County,13411,7.14,564.7239432,2707341.304,1558937.245,245080.0863,4511358.635,336.3924118,65439.68213,480505.4604,34261.79827,2936683.992,3516890.932,262.2392761,896792.1124,66.86989131,509653.6712,717335.9016,1226989.573,91.49128125,10152031.25,756.9928605,4252108.601,3650870.66,2249051.991,46.1,47254,16.6,12.7,7.5,Cumberland Plateau,Southwestern,Southwest Region,Rural (Noncore),Rural (Counties not within micropolitan statistical areas),Rural,Nonmetropolitan
51049,49,us-va-049,Cumberland County,10062,1.02,70.5904929,506767.5416,255330.3658,18091.45468,780189.3621,77.53819938,10470.34914,76880.87366,5481.887724,416896.2353,509729.3458,50.65884971,50523.49929,5.021218375,242396.2582,89666.9877,332063.2459,33.00171397,1672505.453,166.2199814,705220.7703,672962.6517,294322.0312,43.5,55325,9.1,16.8,6.1,Piedmont,Central,Southside Region,Rural (Noncore),Rural (Counties not within micropolitan statistical areas),Rural,Nonmetropolitan
51047,47,us-va-047,Culpeper County,56125,8.16,705.904929,6131840.969,3861842.633,690918.7464,10684602.35,190.3715341,112556.2533,826469.3919,58930.29303,3822200.13,4820156.068,85.88251346,1275718.357,22.72994846,1560037.457,896669.877,2456707.334,43.77206831,19237184.11,342.7560643,9091148.319,6671351.815,3474683.974,39.1,100049,6.7,16,14.9,Rappahannock/Rapidan,Northwestern,Northern Region,Large fringe metro,NCHS-defined “fringe” counties of MSAs of 1 million or more population,Urban,Metropolitan
51045,45,us-va-045,Craig County,4829,0,70.5904929,0,334001.499,59164.26121,393165.7602,81.41763516,10470.34914,76880.87366,5481.887724,203790.7508,296623.8613,61.42552523,126308.7482,26.15629493,363594.3874,89666.9877,453261.3751,93.862368,1269359.745,262.8618233,370720.6355,576901.7313,321737.3779,46.3,69057,11.3,18.4,5.4,Alleghany,Southwestern,West Central Region,Medium metro,"Counties within MSAs of 250,000-999,999 population",Urban,Metropolitan
51043,43,us-va-043,Clarke County,15598,0,70.5904929,0,423863.5491,37541.10956,461404.6587,29.58101415,26175.87285,192202.1842,13704.71931,362688.2419,594771.0182,38.13123594,63154.37411,4.048876402,422639.6297,89666.9877,512306.6174,32.8443786,1631636.668,104.6055051,498402.5999,794430.7678,338803.3008,48.4,117111,7.3,38.6,7.8,Lord Fairfax,Northwestern,Northern Region,Large fringe metro,NCHS-defined “fringe” counties of MSAs of 1 million or more population,Urban,Metropolitan
51041,41,us-va-041,Chesterfield County,389793,43.86,3811.886617,31529443.02,19949649.96,4783765.991,56262858.98,144.3403524,839300.5541,6162751.499,439426.7414,22939381.98,30380860.78,77.94101171,9233169.495,23.6873661,9770433.793,4842017.336,14612451.13,37.48772074,110489340.4,283.4564509,49322156.07,39639126.04,21528058.26,39,101931,6.5,23.3,8.6,Chesterfield,Central,Central Region,Large fringe metro,NCHS-defined “fringe” counties of MSAs of 1 million or more population,Urban,Metropolitan
51037,37,us-va-037,Charlotte County,11258,1.02,211.7714787,521662.4615,788505.1202,186231.9901,1496399.572,132.9187753,36646.22199,269083.0578,19186.60703,877443.5672,1202359.454,106.8004489,505234.9929,44.877864,382240.2534,269000.9631,651241.2165,57.84697251,3855235.235,342.4440607,1428644.994,1441634.647,984955.5939,44.5,58000,19.6,25.1,10.3,Piedmont,Central,Southside Region,Rural (Noncore),Rural (Counties not within micropolitan statistical areas),Rural,Nonmetropolitan
51036,36,us-va-036,Charles City County,6564,5.1,352.9524645,3467918.319,1747280.124,24760.73622,5239959.18,798.2875045,5235.17457,38440.43683,2740.943862,1607788.703,1654205.258,252.01177,50523.49929,7.697059611,114982.8404,448334.9385,563317.779,85.81928382,7508005.716,1143.815618,4243079.042,2258194.913,1006731.761,52.6,75417,8.7,20.3,6.4,Chickahominy,Central,Central Region,Large fringe metro,NCHS-defined “fringe” counties of MSAs of 1 million or more population,Urban,Metropolitan
51035,35,us-va-035,Carroll County,29242,2.04,423.5429574,1017783.395,1538403.619,227091.0805,2783278.094,95.18083902,83762.79312,615046.9893,43855.10179,1860818.795,2603483.679,89.03233977,631543.7411,21.59714592,1218196.58,538001.9262,1756198.506,60.05740052,7774504.021,265.8677252,2746225.188,3236724.269,1791554.564,49.4,54484,13.3,15.6,14,Mount Rogers,Southwestern,Southwest Region,Rural (Noncore),Rural (Counties not within micropolitan statistical areas),Rural,Nonmetropolitan
51033,33,us-va-033,Caroline County,33477,2.04,211.7714787,1602326.417,1210977.095,300313.596,3113617.108,93.00765028,47116.57113,345963.9315,24668.49476,1196480.713,1614229.71,48.21906712,530496.7425,15.84660342,1168474.27,269000.9631,1437475.234,42.9391891,6695818.794,200.0125099,2714034.108,2653757.234,1328027.453,38.9,87407,9.9,16.4,9.4,Rappahannock,Northwestern,Central Region,Rural (Noncore),Rural (Counties not within micropolitan statistical areas),Rural,Nonmetropolitan
51031,31,us-va-031,Campbell County,55342,1.02,282.3619716,573156.7473,1155119.931,618961.2864,2347237.965,42.41332017,88997.96769,653487.4261,46596.04565,1504960.961,2294042.401,41.4521051,1528335.854,27.61620204,2604205.954,358667.9508,2962873.905,53.53752854,9132490.124,165.0191559,2385039.783,4192033.032,2555417.308,43.6,66165,9.9,11.7,7,Central Virginia,Southwestern,West Central Region,Medium metro,"Counties within MSAs of 250,000-999,999 population",Urban,Metropolitan
51029,29,us-va-029,Buckingham County,17115,2.04,282.3619716,1105035.819,1113525.145,128210.7424,2346771.706,137.1178327,57586.92027,422844.8051,30150.38248,1400271.463,1910853.571,111.6478861,328402.7454,19.18800733,466146.6505,358667.9508,824814.6013,48.19249788,5410842.624,316.146224,2229229.592,2075646.579,1105966.454,44.1,60828,12,25.4,12,Piedmont,Central,Southside Region,Rural (Noncore),Rural (Counties not within micropolitan statistical areas),Rural,Nonmetropolitan
51027,27,us-va-027,Buchanan County,18632,5.1,494.1334503,1913586.412,1349801.141,92224.55003,3355612.102,180.0994044,138732.1261,1018671.576,72635.01234,3154135.558,4384174.272,235.303471,341033.6202,18.30365072,652605.3106,627668.9139,1280274.225,68.71373039,9361094.219,502.4202565,3628734.978,3879714.582,1852644.66,47.8,42886,27,29.4,7.2,Cumberland Plateau,Southwestern,Southwest Region,Rural (Noncore),Rural (Counties not within micropolitan statistical areas),Rural,Nonmetropolitan
51025,25,us-va-025,Brunswick County,15750,3.06,211.7714787,1126815.194,567735.9184,33522.48046,1728073.593,109.7189583,41881.39656,307523.4947,21927.5509,1356620.367,1727952.809,109.7112894,126308.7482,8.019603062,351163.81,269000.9631,620164.7731,39.37554115,4202499.923,266.8253919,1723794.764,1694646.54,784058.6187,44.7,53084,13,16,9.3,Southside,Central,Southside Region,Rural (Noncore),Rural (Counties not within micropolitan statistical areas),Rural,Nonmetropolitan
51023,23,us-va-023,Botetourt County,34129,4.08,423.5429574,2567764.908,1940618.625,687513.4849,5195897.019,152.2428732,47116.57113,345963.9315,24668.49476,1916268.952,2334017.949,68.38811418,1515704.979,44.41105742,764480.5067,538001.9262,1302482.433,38.16351001,10348102.38,303.2055548,4452442.52,3422392.905,2473266.954,48.1,81213,6.5,11.2,8,Alleghany,Southwestern,West Central Region,Medium metro,"Counties within MSAs of 250,000-999,999 population",Urban,Metropolitan
51021,21,us-va-021,Bland County,6186,1.02,70.5904929,444184.9528,223798.6792,114965.2391,782948.8711,126.5678744,26175.87285,192202.1842,13704.71931,575793.7264,807876.5027,130.5975594,366295.3699,59.21360651,155382.2168,89666.9877,245049.2045,39.61351512,2202169.948,355.9925555,799456.6761,830036.6632,572676.6089,48.1,61216,14.5,0,8.9,Mount Rogers,Southwestern,Southwest Region,Rural (Noncore),Rural (Counties not within micropolitan statistical areas),Rural,Nonmetropolitan
51019,19,us-va-019,Bedford County,82182,11.22,917.6764077,6757473.736,4023728.883,685340.5062,11466543.12,139.5262116,193701.4591,1422296.163,101414.9229,5576064.224,7293476.769,88.74786168,1578859.353,19.21174166,2862140.434,1165670.84,4027811.274,49.01086946,24366690.52,296.4966844,10340764.7,9356159.921,4669765.902,47.2,78937,8.3,22.5,8.9,Central Virginia,Southwestern,West Central Region,Medium metro,"Counties within MSAs of 250,000-999,999 population",Urban,Metropolitan
51017,17,us-va-017,Bath County,4071,0,0,0,0,53409.89335,53409.89335,13.11960043,0,0,0,0,0,0,151570.4979,37.23176071,152274.5725,0,152274.5725,37.40470953,357254.9637,87.75607067,44885.26542,159229.5056,153140.1927,50.9,56184,18.7,13.2,3.5,Central Shenandoah,Northwestern,Valley Region,Rural (Noncore),Rural (Counties not within micropolitan statistical areas),Rural,Nonmetropolitan
51015,15,us-va-015,Augusta County,78622,5.1,494.1334503,3520167.075,2483047.28,1206421.887,7209636.242,91.69998527,198622.3138,1458428.636,103991.3005,3760062.538,5521104.788,70.22340805,2425127.966,30.84541179,4431500.824,627668.9139,5059169.738,64.3480163,20215038.73,257.1168214,6816551.966,8723380.781,4675105.987,45.1,82049,5.1,18.8,9.1,Central Shenandoah,Northwestern,Valley Region,Small metro,"Counties within MSAS of 50,000 to 249,999 population",Urban,Metropolitan
51013,13,us-va-013,Arlington County,239807,12.24,1200.038379,8149156.68,5816664.57,1254603.44,15220424.69,63.46947625,303640.1251,2229545.336,158974.744,7292888.507,9985048.712,41.63785341,2614591.088,10.90289728,4990876.804,1524338.791,6515215.595,27.16857971,34335280.09,143.1788066,13831402.06,13618510.98,6885367.043,35.5,142114,6.7,19,6.5,Arlington,Northern,Northern Region,Large fringe metro,NCHS-defined “fringe” counties of MSAs of 1 million or more population,Urban,Metropolitan
51011,11,us-va-011,Appomattox County,16957,1.02,141.1809858,648510.3223,653492.4368,144697.6935,1446700.453,85.31582548,28793.46014,211422.4026,15075.19124,700135.7316,955426.7856,56.34409304,315771.8706,18.62191841,752049.9294,179333.9754,931383.9048,54.92621954,3649283.014,215.2080565,1319811.175,1534246.234,795225.6051,43.2,62853,11.3,8.5,10.8,Central Virginia,Southwestern,West Central Region,Medium metro,"Counties within MSAs of 250,000-999,999 population",Urban,Metropolitan
51009,9,us-va-009,Amherst County,31650,2.04,423.5429574,1248015.009,1886404.136,200491.9871,3334911.133,105.3684402,91615.55498,672707.6445,47966.51758,1940267.541,2752557.258,86.96863374,454711.4936,14.36687184,1302102.977,538001.9262,1840104.903,58.13917546,8382284.787,264.8431212,3179389.467,3476222.901,1726672.419,43.4,68724,10.4,20.6,9.5,Central Virginia,Southwestern,West Central Region,Medium metro,"Counties within MSAs of 250,000-999,999 population",Urban,Metropolitan
51007,7,us-va-007,Amelia County,13716,4.08,352.9524645,2674534.384,1684425.764,101447.6106,4460407.758,325.197416,18323.111,134541.5289,9593.303517,1527097.795,1689555.738,123.1813749,214724.872,15.65506503,282795.6346,448334.9385,731130.5731,53.30494117,7095818.941,517.3387971,3694971.533,2267724.262,1133123.146,44.7,76717,7,18.2,8.6,Piedmont,Central,Central Region,Large fringe metro,NCHS-defined “fringe” counties of MSAs of 1 million or more population,Urban,Metropolitan
51005,5,us-va-005,Alleghany County,14632,1.02,211.7714787,512967.8844,775363.0619,279270.2782,1567601.225,107.1351302,66051.67778,484999.1749,34582.21657,1174947.378,1760580.447,120.3239781,770483.3642,52.65741964,1280349.467,269000.9631,1549350.43,105.8878096,5648015.465,386.0043374,1643688.424,2526018.472,1478308.569,48.3,56188,9.1,14.8,8.6,Alleghany,Southwestern,Valley Region,Rural (Noncore),Rural (Counties not within micropolitan statistical areas),Rural,Nonmetropolitan
51003,3,us-va-003,Albemarle County,117313,11.22,988.2669006,7516113.093,4819725.824,286617.8182,12622456.74,107.5964022,269033.4183,1975437.874,140855.9517,6436079.326,8821406.57,75.19547339,593651.1167,5.060403507,3679450.894,1255337.828,4934788.722,42.06514813,26972303.14,229.9174273,11555290.88,10948050.4,4468961.859,39.7,104392,8.4,24.1,8.9,Blue Ridge,Northwestern,Central Region,Small metro,"Counties within MSAS of 50,000 to 249,999 population",Urban,Metropolitan
51001,1,us-va-001,Accomack County,33411,1.02,141.1809858,516515.3427,520483.4192,119856.4144,1156855.176,34.62497909,57586.92027,422844.8051,30150.38248,991447.7987,1502029.907,44.95614937,328402.7454,9.829180371,612205.9343,179333.9754,791539.9097,23.69099727,3778827.738,113.1013061,1257606.479,1669467.195,851754.0645,47.6,58993,12.7,16.7,18.3,Eastern Shore,Eastern,Eastern Region,Rural (Noncore),Rural (Counties not within micropolitan statistical areas),Rural,Nonmetropolitan