CountyFIPS,Marc_CountyID1,FIPS,LocalityName,Population2024,OUD_Deaths2024,OUDCases2024,Labor_Fatal,Labor_OUD,Labor_Incarceration,Labor_Total,Labor_PerCapita,Health_ED,Health_Hosp,Health_AmbulanceNalax,Health_Indirect,Health_Total,Health_PerCapita,Crime_Total,Crime_PerCapita,ChildFamily_Assistance,ChildFamily_K12Ed,ChildFamily_Total,ChildFamily_PerCapita,Total_Total,Total_PerCapita,HouseholdSector_Total,FedGovtSector_Total,StateLocalSector_Total,MedianAgeYRs,MedianHHIncome,PovertyPct,SevereRentBurdenPct,Uninsured,Hlth_Dist_Name,Hlth_Region_Name,CooperCtrRegionName,CategoryName,CategoryDescription,Urban_Rural,Metro_NonMetro
51999,999,us-va-999,Virginia,8811195,1087.32,99373.3029173265,1052184845.1713,466888510.6587,81818359.594,1600891715.424,181.6884,22453663.7318,164871033.5698,11755908.2237,592101384.4729,791181989.9981,89.7928,175442851.2834,19.9114,294380932.6923,126412126.2998,420793058.9921,47.7566,2988309615.6976,339.1492,1380341122.5396,1081923781.6646,526044711.4934,39,93170,9.3,22.5,9.5,,,,,,,
51760,760,us-va-760,Richmond City,233655,108.12,9106.17358407808,88717456.3169,39132563.473,1166055.8492,129016075.6391,552.1648,1884662.8453,13838557.2593,986739.7903,54280702.9079,70990662.8028,303.8269,2740899.8365,11.7305,7567113.959,11567041.4139,19134155.3729,81.8906,221881793.6512,949.6129,112713540.2965,76682394.9133,32485858.4414,34.7,64587,16.2,26.7,11.3,Richmond City,Central,Central Region,Large central metro,NCHS-defined “central” counties of MSAs of 1 million or more population,Urban,Metropolitan
51810,810,us-va-810,Virginia Beach City,454808,53.04,4447.20105268929,54505484.9139,23607810.0702,3471585.5487,81584880.5328,179.3831,924008.3116,6784737.1007,483776.5916,26595076.9281,34787598.9321,76.4885,6605947.5321,14.5247,13468530.5537,5649020.2254,19117550.7791,42.0343,142095977.7761,312.4307,68757185.8355,50271184.9443,23067606.9963,37.9,92968,8.1,24.6,8.9,Virginia Beach,Eastern,Hampton Roads Region,Large central metro,NCHS-defined “central” counties of MSAs of 1 million or more population,Urban,Metropolitan
51550,550,us-va-550,Chesapeake City,254997,32.64,2682.43873019354,34652026.086,14510098.6568,2509410.4847,51671535.2275,202.6359,636073.7103,4670513.075,333024.6792,16973369.3164,22612980.7809,88.6794,4686054.5591,18.3769,7818833.1502,3407345.5328,11226178.683,44.0247,90196749.2505,353.7169,43720630.2338,31669511.3433,14806607.6734,37.9,95373,8.2,28.3,8.1,Chesapeake,Eastern,Hampton Roads Region,Large central metro,NCHS-defined “central” counties of MSAs of 1 million or more population,Urban,Metropolitan
51047,47,us-va-047,Culpeper County,56125,8.16,705.9049289983,9026662.141,3861842.633,690918.7464,13579423.5204,241.9496,112556.2533,826469.3919,58930.293,3822200.1295,4820156.0677,85.8825,1275718.3571,22.7299,1560037.4568,896669.877,2456707.3339,43.7721,22132005.279,394.3342,11186998.8469,7311107.2935,3633899.1386,39.1,100049,6.7,16,14.9,Rappahannock/Rapidan,Northwestern,Northern Region,Large fringe metro,NCHS-defined “fringe” counties of MSAs of 1 million or more population,Urban,Metropolitan
51087,87,us-va-087,Henrico County,338696,51,4235.4295739898,51563238.3085,22103571.5877,3634774.1368,77301584.033,228.2329,1211942.913,8898961.1265,634528.504,28788409.3597,39533841.9032,116.7237,7035397.2761,20.772,10186858.1345,5380019.2623,15566877.3968,45.9612,139437700.6091,411.6898,66943769.8439,49443324.7948,23050605.9704,39.4,88783,7.8,23.2,8.6,Henrico,Central,Central Region,Large fringe metro,NCHS-defined “fringe” counties of MSAs of 1 million or more population,Urban,Metropolitan
51740,740,us-va-740,Portsmouth City,96482,40.8,2964.80070179286,33963748.0015,11567508.6324,482988.4734,46014245.1073,476.9205,950184.1845,6976939.2849,497481.3109,22247599.3752,30672204.1555,317.906,1250456.6074,12.9605,4182889.2767,3766013.4836,7948902.7603,82.3874,85885808.6306,890.1744,41659640.6121,31516498.4332,12709669.5853,35.9,60491,14.8,26.7,9.9,Portsmouth,Eastern,Hampton Roads Region,Large fringe metro,NCHS-defined “fringe” counties of MSAs of 1 million or more population,Urban,Metropolitan
51630,630,us-va-630,Fredericksburg City,29992,4.08,282.36197159932,3808576.6795,1392983.0753,900636.8952,6102196.6501,203.4608,73292.444,538166.1156,38373.2141,1985379.9234,2635211.6971,87.8638,1844107.7241,61.4867,1466808.1267,358667.9508,1825476.0776,60.8654,12406992.1489,413.6767,5204332.7187,4375857.2038,2826802.2263,32.1,86071,11.2,24,10.8,Rappahannock,Northwestern,Northern Region,Large fringe metro,NCHS-defined “fringe” counties of MSAs of 1 million or more population,Urban,Metropolitan
51107,107,us-va-107,Loudoun County,443380,16.32,1270.62887219694,18823395.459,8118282.5403,1821535.056,28763213.0554,64.8726,397873.2673,2921473.1992,208311.7335,9196554.4814,12724212.6814,28.6982,2879839.4595,6.4952,10718265.316,1614005.7787,12332271.0947,27.8142,56699536.291,127.8802,24403306.3773,22720083.7157,9576146.198,38.2,181765,3.9,21.3,6.7,Loudoun,Northern,Northern Region,Large fringe metro,NCHS-defined “fringe” counties of MSAs of 1 million or more population,Urban,Metropolitan
51013,13,us-va-013,Arlington County,239807,12.24,1200.03837929711,10291512.8758,5816664.5699,1254603.44,17362780.8858,72.4031,303640.1251,2229545.3362,158974.744,7292888.5065,9985048.7118,41.6379,2614591.0882,10.9029,4990876.8042,1524338.791,6515215.5951,27.1686,36477636.281,152.1125,15382467.9441,14091971.7036,7003196.6333,35.5,142114,6.7,19,6.5,Arlington,Northern,Northern Region,Large fringe metro,NCHS-defined “fringe” counties of MSAs of 1 million or more population,Urban,Metropolitan
51059,59,us-va-059,Fairfax County,1160925,56.1,5929.60140358572,54402826.7371,30663841.0718,6039558.2658,91106226.0747,78.4773,1635298.8481,12007546.4968,856182.0203,36485773.8399,50984801.205,43.9174,11797237.0841,10.1619,27058259.2365,7532026.9672,34590286.2037,29.7955,188478550.5675,162.352,80263805.8173,73412943.0276,34801801.7226,39.1,153637,5.7,20.5,9.3,Fairfax,Northern,Northern Region,Large fringe metro,NCHS-defined “fringe” counties of MSAs of 1 million or more population,Urban,Metropolitan
51183,183,us-va-183,Sussex County,10753,2.04,141.18098579966,1754138.1905,456443.3181,20213.3312,2230794.8398,207.4579,83762.7931,615046.9893,43855.1018,1469382.4351,2212047.3193,205.7144,63154.3741,5.8732,285903.2789,179333.9754,465237.2544,43.2658,4971233.7876,462.3113,2215785.1503,2000559.8983,754888.7391,40.8,63530,9.8,22,11.2,Crater,Central,Southside Region,Large fringe metro,NCHS-defined “fringe” counties of MSAs of 1 million or more population,Urban,Metropolitan
51043,43,us-va-043,Clarke County,15598,0,70.5904928998301,0,423863.5491,37541.1096,461404.6587,29.581,26175.8729,192202.1842,13704.7193,362688.2419,594771.0182,38.1312,63154.3741,4.0489,422639.6297,89666.9877,512306.6174,32.8444,1631636.6684,104.6055,498402.5999,794430.7678,338803.3008,48.4,117111,7.3,38.6,7.8,Lord Fairfax,Northwestern,Northern Region,Large fringe metro,NCHS-defined “fringe” counties of MSAs of 1 million or more population,Urban,Metropolitan
51730,730,us-va-730,Petersburg City,34058,12.24,1058.85739349745,9421210.835,3859703.788,369197.5122,13650112.1352,400.7902,211761.4247,1554905.4883,110870.4532,6167605.9745,8045143.3408,236.2189,1023100.8606,30.04,1485453.9928,1345004.8156,2830458.8083,83.107,25548815.1449,750.1561,12099549.0874,9104864.8882,4344401.1694,35.8,50698,19.9,26.8,9.6,Crater,Central,Central Region,Large fringe metro,NCHS-defined “fringe” counties of MSAs of 1 million or more population,Urban,Metropolitan
51127,127,us-va-127,New Kent County,27218,1.02,70.5904928998301,1050413.5687,368860.0045,307093.3804,1726366.9536,63.4274,39263.8093,288303.2762,20557.079,708208.3024,1056332.4668,38.8101,593651.1167,21.811,932293.3009,89666.9877,1021960.2886,37.5472,4398310.8258,161.5957,1560544.7298,1830901.2705,1006864.8255,42.9,123314,4.4,18.6,5.2,Chickahominy,Central,Central Region,Large fringe metro,NCHS-defined “fringe” counties of MSAs of 1 million or more population,Urban,Metropolitan
51085,85,us-va-085,Hanover County,115309,14.28,1058.85739349745,16820249.2809,6312455.5501,1334354.2242,24467059.0553,212.1869,212024.5701,1556837.6917,111008.2264,6596479.2639,8476349.7521,73.5099,2260926.5932,19.6075,2597990.6652,1345004.8156,3942995.4807,34.195,39147330.8813,339.4994,20097819.3764,12838475.9113,6211035.5935,42.7,112805,5,19.9,5.6,Chickahominy,Central,Central Region,Large fringe metro,NCHS-defined “fringe” counties of MSAs of 1 million or more population,Urban,Metropolitan
51181,181,us-va-181,Surry County,6579,0,13.1149452086734,0,62983.6603,6005.0781,68988.7384,10.4862,7852.7619,57660.6552,4111.4158,97629.8993,167254.7322,25.4225,12630.8748,1.9199,133628.7065,16659.1503,150287.8568,22.8436,399162.2022,60.6722,96004.1428,219309.4192,83848.6402,50.4,78041,9.2,19,4.9,Crater,Central,Hampton Roads Region,Large fringe metro,NCHS-defined “fringe” counties of MSAs of 1 million or more population,Urban,Metropolitan
51093,93,us-va-093,Isle of Wight County,40942,3.06,423.54295739898,3311516.9186,2161735.9609,178698.3153,5651951.1948,138.0478,62822.0948,461285.242,32891.3263,1862060.9582,2419059.6214,59.085,353664.495,8.6382,870140.4142,538001.9262,1408142.3404,34.3936,9832817.6516,240.1646,4761746.4368,3442613.0396,1628458.1752,43.8,95241,7,22.9,7.2,Western Tidewater,Eastern,Hampton Roads Region,Large fringe metro,NCHS-defined “fringe” counties of MSAs of 1 million or more population,Urban,Metropolitan
51101,101,us-va-101,King William County,19232,1.02,141.18098579966,1354759.3889,956748.4631,101685.74,2413193.592,125.478,47116.5711,345963.9315,24668.4948,885516.138,1303265.1353,67.7655,151570.4979,7.8812,581129.4909,179333.9754,760463.4663,39.5416,4628492.6915,240.6662,2106716.1485,1778828.2014,742948.3416,40.9,86056,5.1,29.1,6.9,Three Rivers,Eastern,Central Region,Large fringe metro,NCHS-defined “fringe” counties of MSAs of 1 million or more population,Urban,Metropolitan
51570,570,us-va-570,Colonial Heights City,18674,6.12,423.54295739898,6005760.7873,2009228.9272,522001.6477,8536991.3622,457.1592,40208.7738,295241.8886,21051.8274,2272591.6639,2629094.1537,140.789,1111516.9844,59.5222,31076.4434,538001.9262,569078.3696,30.4744,12846680.8699,687.9448,6933506.0444,3675772.2719,2237402.5535,38.2,76505,8.2,32,8.7,Chesterfield,Central,Central Region,Large fringe metro,NCHS-defined “fringe” counties of MSAs of 1 million or more population,Urban,Metropolitan
51610,610,us-va-610,Falls Church City,15034,0,35.368086700251,0,218622.0102,38646.4463,257268.4565,17.1124,21177.15,155497.9469,11087.5728,263286.0975,451048.7673,30.0019,63154.3741,4.2008,12430.5773,44926.0186,57356.5959,3.8151,828828.1938,55.1303,310527.6136,338637.3846,179663.1956,40.5,143262,5,19.9,2.7,Fairfax,Northern,Northern Region,Large fringe metro,NCHS-defined “fringe” counties of MSAs of 1 million or more population,Urban,Metropolitan
51650,650,us-va-650,Hampton City,137596,22.44,1976.53380119524,21392179.1197,9256112.5941,1540059.0597,32188350.7735,233.9338,405726.0292,2979133.8544,212423.1493,11533227.0343,15130510.0673,109.9633,3321920.0783,24.1426,4437716.1123,2510675.6557,6948391.768,50.4985,57589172.6871,418.5381,27531660.4652,20108929.4473,9948582.7747,36.8,69621,10.9,29.6,10.4,Hampton,Eastern,Hampton Roads Region,Large fringe metro,NCHS-defined “fringe” counties of MSAs of 1 million or more population,Urban,Metropolitan
51600,600,us-va-600,Fairfax City,26340,2.04,211.77147869949,2299229.3267,1281122.3288,45387.0155,3625738.671,137.6514,37102.9754,272436.8712,19425.7462,1095170.1624,1424135.7552,54.0674,75785.2489,2.8772,12430.5773,269000.9631,281431.5405,10.6846,5407091.2156,205.2806,3012737.5839,1667593.5948,726760.0369,36.6,132348,10.3,25.4,10.8,Fairfax,Northern,Northern Region,Large fringe metro,NCHS-defined “fringe” counties of MSAs of 1 million or more population,Urban,Metropolitan
51199,199,us-va-199,York County,71410,6.12,564.72394319864,6447090.4226,2947879.241,502598.8111,9897568.4746,138.602,86380.3804,634267.2077,45225.5737,2935441.8285,3701314.9904,51.8319,972577.3613,13.6196,2638390.0415,717335.9016,3355725.9432,46.9924,17927186.7695,251.0459,8210785.0688,6633925.2335,3082476.4672,39.9,109956,5.8,23.3,4.8,Peninsula,Eastern,Hampton Roads Region,Large fringe metro,NCHS-defined “fringe” counties of MSAs of 1 million or more population,Urban,Metropolitan
51061,61,us-va-061,Fauquier County,75865,7.14,564.72394319864,8574372.8198,3519965.4115,662488.5316,12756826.7629,168.1517,154437.6498,1133992.8865,80857.8439,3837103.108,5206391.4882,68.6271,1073624.3599,14.1518,1671912.6529,717335.9016,2389248.5546,31.4934,21426091.1656,282.4239,10688199.0777,7369018.2091,3368873.8788,41.2,130189,6.4,17,8.4,Rappahannock/Rapidan,Northwestern,Northern Region,Large fringe metro,NCHS-defined “fringe” counties of MSAs of 1 million or more population,Urban,Metropolitan
51683,683,us-va-683,Manassas City,43616,10.2,705.9049289983,11292889.8184,4215947.006,985780.2306,16494617.0549,378.1781,57572.9969,422742.5696,30143.0927,3692129.0125,4202587.6717,96.3543,1667275.4766,38.2262,1712312.0293,896669.877,2608981.9064,59.8171,24973462.1095,572.5757,13146191.4932,7799571.1174,4027699.4989,34.8,113590,6.1,27.2,24.4,Prince William,Northern,Northern Region,Large fringe metro,NCHS-defined “fringe” counties of MSAs of 1 million or more population,Urban,Metropolitan
51157,157,us-va-157,Rappahannock County,7479,0,30.6015388202378,0,166866.1204,75002.3433,241868.4637,32.3397,18323.111,134541.5289,9593.3035,227803.0984,390261.0418,52.1809,138939.623,18.5773,239288.6139,38871.3507,278159.9646,37.1921,1049229.0932,140.29,286519.6919,492456.1069,270253.2944,50.6,83380,10.6,23,15.7,Rappahannock/Rapidan,Northwestern,Northern Region,Large fringe metro,NCHS-defined “fringe” counties of MSAs of 1 million or more population,Urban,Metropolitan
51073,73,us-va-073,Gloucester County,40154,5.1,494.13345029881,4736447.7195,2080417.663,231641.4094,7048506.7918,175.5369,47116.5711,345963.9315,24668.4948,2227233.5262,2644982.5235,65.871,555758.4922,13.8407,1926739.4885,627668.9139,2554408.4025,63.6153,12803656.21,318.8638,5844790.9087,4760737.7396,2198127.5617,44.8,84306,4.8,10,7.8,Three Rivers,Eastern,Hampton Roads Region,Large fringe metro,NCHS-defined “fringe” counties of MSAs of 1 million or more population,Urban,Metropolitan
51149,149,us-va-149,Prince George County,43589,2.04,141.18098579966,2180266.4717,741602.4487,505758.1787,3427627.0991,78.6351,271022.0431,1990039.7947,141897.1221,3363940.3982,5766899.3581,132.3017,972577.3613,22.3124,1056599.0744,179333.9754,1235933.0498,28.3542,11403036.8683,261.6035,4078971.9174,5033926.1152,2290138.8357,33.2,84897,8,13.7,6.9,Crater,Central,Central Region,Large fringe metro,NCHS-defined “fringe” counties of MSAs of 1 million or more population,Urban,Metropolitan
51153,153,us-va-153,Prince William County,497003,49.98,4306.02006688963,54127755.7827,24938011.9592,5749942.824,84815710.5659,170.6543,656042.5571,4817138.7864,343479.6292,23048952.4329,28865613.4055,58.0794,10028914.609,20.1788,16883831.6793,5469686.25,22353517.9293,44.9766,146063756.5098,293.8891,69637510.0057,50941038.1734,25485208.3307,36.3,131402,5.6,22.4,13.3,Prince William,Northern,Northern Region,Large fringe metro,NCHS-defined “fringe” counties of MSAs of 1 million or more population,Urban,Metropolitan
51075,75,us-va-075,Goochland County,28223,2.04,211.77147869949,2447810.304,1132844.3332,86956.7629,3667611.4,129.9512,39263.8093,288303.2762,20557.079,1117031.9669,1465156.1314,51.9136,164201.3727,5.818,584237.1352,269000.9631,853238.0983,30.232,6150207.0025,217.9147,3059204.1736,2165992.7242,925010.1047,50.5,118931,5,9.7,4.3,Chickahominy,Central,Central Region,Large fringe metro,NCHS-defined “fringe” counties of MSAs of 1 million or more population,Urban,Metropolitan
51115,115,us-va-115,Mathews County,8602,1.02,70.5904928998301,961877.9402,243945.7788,17284.7988,1223108.5178,142.1889,13087.9364,96101.0921,6852.3597,443379.1505,559420.5386,65.0338,50523.4993,5.8735,382240.2534,89666.9877,471907.2411,54.8602,2304959.7968,267.9563,1039730.393,908817.2976,356412.1061,55,75880,8.3,20.1,11.7,Three Rivers,Eastern,Hampton Roads Region,Large fringe metro,NCHS-defined “fringe” counties of MSAs of 1 million or more population,Urban,Metropolitan
51036,36,us-va-036,Charles City County,6564,5.1,352.95246449915,5682854.6041,1747280.1241,24760.7362,7454895.4644,1135.7245,5235.1746,38440.4368,2740.9439,1607788.7031,1654205.2583,252.0118,50523.4993,7.6971,114982.8404,448334.9385,563317.779,85.8193,9722942.0011,1481.2526,5846692.9124,2747695.8319,1128553.2567,52.6,75417,8.7,20.3,6.4,Chickahominy,Central,Central Region,Large fringe metro,NCHS-defined “fringe” counties of MSAs of 1 million or more population,Urban,Metropolitan
51145,145,us-va-145,Powhatan County,32392,2.04,141.18098579966,2074445.4325,677568.3459,90017.1797,2842030.9581,87.7387,68057.2694,499725.6788,35632.2702,1310484.944,1913900.1624,59.0856,189463.1223,5.8491,683681.754,179333.9754,863015.7294,26.6429,5808409.9723,179.3162,2583813.4354,2304209.2022,920387.3346,45.8,110537,4.9,20.5,6.1,Chesterfield,Central,Central Region,Large fringe metro,NCHS-defined “fringe” counties of MSAs of 1 million or more population,Urban,Metropolitan
51830,830,us-va-830,Williamsburg City,16030,0,0,0,0,227801.5566,227801.5566,14.211,0,0,0,0,0,0,644174.6159,40.1856,320087.3666,0,320087.3666,19.968,1192063.5391,74.3645,190367.2245,419492.6816,582203.633,23.7,75604,24.4,42.6,7.8,Peninsula,Eastern,Hampton Roads Region,Large fringe metro,NCHS-defined “fringe” counties of MSAs of 1 million or more population,Urban,Metropolitan
51097,97,us-va-097,King and Queen County,6747,0,141.18098579966,0,706566.8836,0,706566.8836,104.7231,2617.5873,19220.2184,1370.4719,222201.0952,245409.3729,36.3731,0,0,257934.4799,179333.9754,437268.4553,64.8093,1389244.7118,205.9055,578768.0918,525509.9449,284966.675,49.3,70469,14.8,16.7,8.6,Three Rivers,Eastern,Eastern Region,Large fringe metro,NCHS-defined “fringe” counties of MSAs of 1 million or more population,Urban,Metropolitan
51041,41,us-va-041,Chesterfield County,389793,43.86,3811.88661659082,45093983.3309,19949649.9625,4783765.9911,69827399.2844,179.1397,839300.5541,6162751.499,439426.7414,22939381.9823,30380860.7768,77.941,9233169.4952,23.6874,9770433.7934,4842017.3361,14612451.1295,37.4877,124053880.686,318.2558,59142883.2512,42636889.4531,22274107.9816,39,101931,6.5,23.3,8.6,Chesterfield,Central,Central Region,Large fringe metro,NCHS-defined “fringe” counties of MSAs of 1 million or more population,Urban,Metropolitan
51179,179,us-va-179,Stafford County,168919,27.54,2258.89577279456,30938310.7598,13263524.6013,2474286.0109,46676121.372,276.3225,115173.8405,845689.6103,60300.765,10050587.2311,11071751.4469,65.5447,4256604.8152,25.1991,4378670.8699,2869343.6066,7248014.4765,42.9082,69252492.1105,409.9746,36960641.1032,21211533.3716,11080317.6357,36.3,137807,4.5,20.1,8.5,Rappahannock,Northwestern,Northern Region,Large fringe metro,NCHS-defined “fringe” counties of MSAs of 1 million or more population,Urban,Metropolitan
51685,685,us-va-685,Manassas Park City,16611,1.02,70.5904928998301,1401172.5555,534941.109,246371.4342,2182485.0987,131.3879,21926.4731,161000.0189,11479.8907,532801.2755,727207.6582,43.7787,328402.7454,19.7702,562483.6249,89666.9877,652150.6126,39.2602,3890246.1149,234.197,1790721.7014,1407513.62,692010.7935,36.5,103250,3.9,17.3,26.4,Prince William,Northern,Northern Region,Large fringe metro,NCHS-defined “fringe” counties of MSAs of 1 million or more population,Urban,Metropolitan
51187,187,us-va-187,Warren County,42461,7.14,635.31443609847,7392541.093,3167293.7935,1184432.9243,11744267.8108,276.5895,75910.0313,557386.3341,39743.686,3140474.7423,3813514.7936,89.8122,2399866.2163,56.5193,2100767.5714,807002.8893,2907770.4607,68.481,20865419.2814,491.402,9630803.1111,6955984.8379,4278631.3324,40.5,84682,11.1,13.1,12.2,Lord Fairfax,Northwestern,Northern Region,Large fringe metro,NCHS-defined “fringe” counties of MSAs of 1 million or more population,Urban,Metropolitan
51510,510,us-va-510,Alexandria City,159102,10.2,988.266900597621,9185295.6266,5192347.0748,893481.608,15271124.3094,95.9832,280081.8395,2056563.3705,146640.4966,6334754.0307,8818039.7373,55.4238,1717798.9758,10.7968,4795095.211,1255337.8279,6050433.0388,38.0286,31857396.0614,200.2325,13518081.7136,12614121.7227,5725192.6251,37.7,119681,7,19.9,11,Alexandria,Northern,Northern Region,Large fringe metro,NCHS-defined “fringe” counties of MSAs of 1 million or more population,Urban,Metropolitan
51095,95,us-va-095,James City County,82797,4.08,494.13345029881,3731589.1765,1958941.6713,297430.667,5987961.5148,72.321,248670.7921,1825920.7495,130194.8334,4053312.5112,6258098.8862,75.5836,757852.4893,9.1531,2355594.4069,627668.9139,2983263.3209,36.0311,15987176.2113,193.0888,6061463.6827,6930188.8193,2995523.7092,47.1,109985,7.4,25.8,7.7,Peninsula,Eastern,Hampton Roads Region,Large fringe metro,NCHS-defined “fringe” counties of MSAs of 1 million or more population,Urban,Metropolitan
51007,7,us-va-007,Amelia County,13716,4.08,352.95246449915,4482732.2158,1684425.7637,101447.6106,6268605.5901,457.0287,18323.111,134541.5289,9593.3035,1527097.7945,1689555.7379,123.1814,214724.872,15.6551,282795.6346,448334.9385,731130.5731,53.3049,8904016.7731,649.1701,5004106.7634,2667335.9831,1232574.0266,44.7,76717,7,18.2,8.6,Piedmont,Central,Central Region,Large fringe metro,NCHS-defined “fringe” counties of MSAs of 1 million or more population,Urban,Metropolitan
51700,700,us-va-700,Newport News City,183056,33.66,2823.6197159932,32455602.046,13784273.805,2093770.371,48333646.222,264.0375,722454.0907,5304780.2827,378250.2529,18256129.1822,24661613.8085,134.7217,4332390.0641,23.667,7219057.7933,3586679.5082,10805737.3015,59.0297,88133387.3961,481.4559,41842070.2683,31574709.7323,14716607.3954,34.4,69634,12.7,23.7,11.6,Peninsula,Eastern,Hampton Roads Region,Large fringe metro,NCHS-defined “fringe” counties of MSAs of 1 million or more population,Urban,Metropolitan
51053,53,us-va-053,Dinwiddie County,28576,3.06,282.36197159932,3315562.4403,1399671.5468,105372.2113,4820606.1984,168.6942,31411.0474,230642.621,16445.6632,1348547.7959,1627047.1275,56.9375,214724.872,7.5142,602883.0012,358667.9508,961550.9521,33.6489,7623929.15,266.7948,3939748.4742,2549867.7999,1134312.8759,43.1,83704,10.6,25.9,8.7,Crater,Central,Central Region,Large fringe metro,NCHS-defined “fringe” counties of MSAs of 1 million or more population,Urban,Metropolitan
51710,710,us-va-710,Norfolk City,231105,47.94,3882.47710949065,44585988.4023,19180983.4457,1494977.2263,65261949.0744,282.3909,1015623.8666,7457444.7453,531743.1092,25673578.8169,34678390.538,150.0547,3056671.707,13.2263,8508730.1929,4931684.3238,13440414.5167,58.1572,116437425.8361,503.8291,56759427.9749,41939085.6065,17738912.2547,32.7,66109,14.2,26.3,12.5,Norfolk City,Eastern,Hampton Roads Region,Large fringe metro,NCHS-defined “fringe” counties of MSAs of 1 million or more population,Urban,Metropolitan
51735,735,us-va-735,Poquoson City,12854,1.02,70.5904928998301,1275712.3475,439585.5778,140160.93,1855458.8553,144.3488,5235.1746,38440.4368,2740.9439,363930.4049,410346.9602,31.9237,227355.7468,17.6875,118090.4848,89666.9877,207757.4725,16.1629,2700919.0347,210.1228,1463229.3473,789127.4582,448562.2292,41.2,120972,4.2,12.2,3.5,Peninsula,Eastern,Hampton Roads Region,Large fringe metro,NCHS-defined “fringe” counties of MSAs of 1 million or more population,Urban,Metropolitan
51800,800,us-va-800,Suffolk City,103105,10.2,1058.85739349745,11243608.0091,5728789.5347,805062.5038,17777460.0475,172.4209,290552.1886,2133444.2441,152122.3843,6538544.7815,9114663.5986,88.4018,1503074.1039,14.5781,2663251.1962,1345004.8156,4008256.0118,38.8755,32403453.7618,314.2763,15398291.8204,11632055.8778,5373106.0636,38.7,92666,8,27.7,8.8,Western Tidewater,Eastern,Hampton Roads Region,Large fringe metro,NCHS-defined “fringe” counties of MSAs of 1 million or more population,Urban,Metropolitan
51177,177,us-va-177,Spotsylvania County,152021,19.38,1694.17182959592,21243598.1425,9441219.9013,682895.0694,31367713.1132,206.338,235582.8557,1729819.6574,123342.4738,8781084.7334,10869829.7203,71.5022,1237825.7326,8.1425,4605528.9064,2152007.7049,6757536.6114,44.4513,50232905.1774,330.434,25708084.2907,17230015.7571,7294805.1296,38.6,112738,6.1,24.1,9.6,Rappahannock,Northwestern,Northern Region,Large fringe metro,NCHS-defined “fringe” counties of MSAs of 1 million or more population,Urban,Metropolitan
51670,670,us-va-670,Hopewell City,22970,8.16,776.495421898131,7577727.9116,3376466.0002,337110.6051,11291304.517,491.5675,142819.8933,1048686.9184,74775.2161,4226245.5375,5492527.5653,239.1174,783114.239,34.0929,1205766.0025,986336.8648,2192102.8673,95.4333,19759049.1885,860.2111,9692248.8889,6828905.6166,3237894.6831,37.5,54729,18.2,27.1,9.4,Crater,Central,Central Region,Large fringe metro,NCHS-defined “fringe” counties of MSAs of 1 million or more population,Urban,Metropolitan
51680,680,us-va-680,Lynchburg City,80301,7.14,847.085914797961,5166180.1927,2961035.6401,1171408.0727,9298623.9055,115.7971,319345.6488,2344866.6467,167197.5756,5896963.125,8728372.996,108.6957,3385074.4524,42.1548,2703650.5726,1076003.8525,3779654.4251,47.0686,25191725.779,313.7162,9226684.2013,9872795.0841,6092246.4936,28.6,57947,19.2,28.7,8.4,Central Virginia,Southwestern,West Central Region,Medium metro,"Counties within MSAs of 250,000-999,999 population",Urban,Metropolitan
51023,23,us-va-023,Botetourt County,34129,4.08,423.54295739898,4196064.0993,1940618.6254,687513.4849,6824196.2097,199.953,47116.5711,345963.9315,24668.4948,1916268.9516,2334017.949,68.3881,1515704.9787,44.4111,764480.5067,538001.9262,1302482.433,38.1635,11976401.5703,350.9157,5631331.1347,3782247.0258,2562823.4099,48.1,81213,6.5,11.2,8,Alleghany,Southwestern,West Central Region,Medium metro,"Counties within MSAs of 250,000-999,999 population",Urban,Metropolitan
51011,11,us-va-011,Appomattox County,16957,1.02,141.18098579966,1048746.3234,653492.4368,144697.6935,1846936.4537,108.9188,28793.4601,211422.4026,15075.1912,700135.7316,955426.7856,56.3441,315771.8706,18.6219,752049.9294,179333.9754,931383.9048,54.9262,4049519.0147,238.8111,1609582.0394,1622698.3901,817238.5851,43.2,62853,11.3,8.5,10.8,Central Virginia,Southwestern,West Central Region,Medium metro,"Counties within MSAs of 250,000-999,999 population",Urban,Metropolitan
51520,520,us-va-520,Bristol City,16316,2.04,211.77147869949,1827742.1664,798610.7562,1226022.0426,3852374.9651,236.1103,27294.0741,200412.8265,14290.1682,995930.5686,1237927.6374,75.872,3284027.4538,201.2765,2206427.4788,269000.9631,2475428.4419,151.7179,10849758.4983,664.9766,3255041.2635,3923659.9657,3671057.2691,43.4,50404,21.4,23.7,17.6,Mount Rogers,Southwestern,Southwest Region,Medium metro,"Counties within MSAs of 250,000-999,999 population",Urban,Metropolitan
51045,45,us-va-045,Craig County,4829,0,70.5904928998301,0,334001.499,59164.2612,393165.7602,81.4176,10470.3491,76880.8737,5481.8877,203790.7508,296623.8613,61.4255,126308.7482,26.1563,363594.3874,89666.9877,453261.3751,93.8624,1269359.7448,262.8618,370720.6355,576901.7313,321737.3779,46.3,69057,11.3,18.4,5.4,Alleghany,Southwestern,West Central Region,Medium metro,"Counties within MSAs of 250,000-999,999 population",Urban,Metropolitan
51191,191,us-va-191,Washington County,54098,3.06,494.13345029881,2764194.6159,1838914.1005,912074.8998,5515183.6162,101.948,90497.3537,664497.0022,47381.0687,2239918.9377,3042294.3624,56.2367,2475651.4652,45.7623,2855925.1451,627668.9139,3483594.059,64.3941,14516723.5028,268.3412,4917682.616,5725738.9701,3873301.9167,46.9,64552,11.2,11.9,10.3,Mount Rogers,Southwestern,Southwest Region,Medium metro,"Counties within MSAs of 250,000-999,999 population",Urban,Metropolitan
51169,169,us-va-169,Scott County,21388,2.04,211.77147869949,1835195.7335,656671.3245,620380.0305,3112247.0885,145.5137,18323.111,134541.5289,9593.3035,905168.6454,1067626.5889,49.9171,2020939.9716,94.4894,1538283.9465,269000.9631,1807284.9096,84.4999,8008098.5585,374.4202,2623205.6428,2908720.1698,2476172.746,47.7,46349,19.8,18.1,8.6,Lenowisco,Southwestern,Southwest Region,Medium metro,"Counties within MSAs of 250,000-999,999 population",Urban,Metropolitan
51009,9,us-va-009,Amherst County,31650,2.04,423.54295739898,2063706.4114,1886404.1362,200491.9871,4150602.5347,131.1407,91615.555,672707.6445,47966.5176,1940267.5408,2752557.2579,86.9686,454711.4936,14.3669,1302102.9769,538001.9262,1840104.9032,58.1392,9197976.1894,290.6154,3769950.0424,3656490.7013,1771535.4458,43.4,68724,10.4,20.6,9.5,Central Virginia,Southwestern,West Central Region,Medium metro,"Counties within MSAs of 250,000-999,999 population",Urban,Metropolitan
51019,19,us-va-019,Bedford County,82182,11.22,917.676407697791,11219849.7637,4023728.8825,685340.5062,15928919.1525,193.8249,193701.4591,1422296.1628,101414.9229,5576064.224,7293476.7687,88.7479,1578859.3528,19.2117,2862140.4338,1165670.8402,4027811.2739,49.0109,28829066.5479,350.7954,13571524.9415,10342345.023,4915196.5834,47.2,78937,8.3,22.5,8.9,Central Virginia,Southwestern,West Central Region,Medium metro,"Counties within MSAs of 250,000-999,999 population",Urban,Metropolitan
51161,161,us-va-161,Roanoke County,97334,15.3,1270.62887219694,16275869.1758,6272814.2526,1296343.9559,23845027.3843,244.9815,567960.1487,4170374.0582,297362.9365,10704268.9591,15739966.1024,161.7109,2652483.7127,27.2514,4686327.6592,1614005.7787,6300333.4379,64.729,48537810.6373,498.6727,21630058.0437,18538644.9335,8369107.6601,43.5,83709,7.7,15.6,5.8,Alleghany,Southwestern,West Central Region,Medium metro,"Counties within MSAs of 250,000-999,999 population",Urban,Metropolitan
51770,770,us-va-770,Roanoke City,97912,47.94,4094.24858819014,41723524.3877,16681147.7615,1166660.3764,59571332.5255,608.4171,571332.8752,4195139.055,299128.7714,21472130.9501,26537731.6518,271.0366,2892470.3343,29.5415,9350901.808,5200685.2869,14551587.0949,148.619,103553121.6066,1057.6142,50437999.5579,36784404.7073,16330717.3414,38.3,55378,17,19.9,13.9,Roanoke City,Southwestern,West Central Region,Medium metro,"Counties within MSAs of 250,000-999,999 population",Urban,Metropolitan
51031,31,us-va-031,Campbell County,55342,1.02,282.36197159932,916715.2075,1155119.9313,618961.2864,2690796.4252,48.6212,88997.9677,653487.4261,46596.0457,1504960.961,2294042.4005,41.4521,1528335.8535,27.6162,2604205.9538,358667.9508,2962873.9047,53.5375,9476048.5839,171.2271,2633776.1082,4267959.4522,2574313.0235,43.6,66165,9.9,11.7,7,Central Virginia,Southwestern,West Central Region,Medium metro,"Counties within MSAs of 250,000-999,999 population",Urban,Metropolitan
51775,775,us-va-775,Salem City,25908,5.1,352.95246449915,4494451.9694,1476551.2989,423715.7275,6394718.9958,246.8241,151177.5077,1110054.5657,79150.954,3084331.0335,4424714.0609,170.7856,1023100.8606,39.4898,90121.6858,448334.9385,538456.6243,20.7834,12380990.5416,477.8829,5864045.8821,4227076.5353,2289868.1242,40,66725,8.4,21.5,6.7,Alleghany,Southwestern,West Central Region,Medium metro,"Counties within MSAs of 250,000-999,999 population",Urban,Metropolitan
51067,67,us-va-067,Franklin County,55637,4.08,635.31443609847,4029241.4972,2646606.7658,1291842.6532,7967690.9163,143.2085,214642.1574,1576057.9101,112378.6983,3904752.7938,5807831.5596,104.3879,3132456.956,56.3017,2967800.3412,807002.8893,3774803.2305,67.847,20682782.6624,371.7451,7465466.5127,8057285.2909,5160030.8588,48.4,68849,11.8,14.6,10.5,West Piedmont,Southwestern,West Central Region,Medium metro,"Counties within MSAs of 250,000-999,999 population",Urban,Metropolitan
51063,63,us-va-063,Floyd County,15658,2.04,211.77147869949,2009177.6831,945069.1359,212049.3531,3166296.1721,202.2159,23558.2856,172981.9657,12334.2474,958134.4758,1167008.9745,74.5312,479973.2433,30.6535,553160.6919,269000.9631,822161.655,52.5075,5635440.0448,359.908,2627658.318,1920741.648,1087040.0788,48.1,62191,8.8,9.8,12.3,New River,Southwestern,West Central Region,Small metro,"Counties within MSAS of 50,000 to 249,999 population",Urban,Metropolitan
51750,750,us-va-750,Radford City,17273,1.02,70.5904928998301,750873.3379,263675.1364,84072.2585,1098620.7327,63.6034,29164.7865,214148.949,15269.604,606033.4615,864616.801,50.056,227355.7468,13.1625,776911.0841,89666.9877,866578.0718,50.1695,3057171.3523,176.9913,1039907.8654,1395528.2284,621735.2585,23.3,57348,33.1,32,6.4,New River,Southwestern,West Central Region,Small metro,"Counties within MSAS of 50,000 to 249,999 population",Urban,Metropolitan
51125,125,us-va-125,Nelson County,14766,1.02,141.18098579966,1092756.6954,632229.2277,128790.3844,1853776.3075,125.5436,18323.111,134541.5289,9593.3035,594204.0709,756662.0143,51.2435,290510.1209,19.6743,363594.3874,179333.9754,542928.3628,36.7688,3443876.8055,233.2302,1558742.2922,1202248.6943,682885.819,51.3,72589,14,13.5,9.9,Blue Ridge,Northwestern,Central Region,Small metro,"Counties within MSAS of 50,000 to 249,999 population",Urban,Metropolitan
51121,121,us-va-121,Montgomery County,98998,13.26,1200.03837929711,12784902.7238,5522643.5402,1329294.1728,19636840.4368,198.3559,167154.2599,1227367.4322,87515.7908,6125125.5814,7607163.0643,76.8416,2917732.084,29.4726,2818633.4131,1524338.791,4342972.204,43.8693,34504707.7891,348.5394,16391860.5618,11604460.9403,6508386.287,30.2,72715,30.1,29.1,5.9,New River,Southwestern,West Central Region,Small metro,"Counties within MSAS of 50,000 to 249,999 population",Urban,Metropolitan
51660,660,us-va-660,Harrisonburg City,51164,2.04,141.18098579966,1784540.8987,672852.6956,1168038.3503,3625431.9447,70.859,57877.3401,424977.2778,30302.4356,1207491.5482,1720648.6017,33.6301,2475651.4652,48.3866,2644605.3302,179333.9754,2823939.3056,55.1939,10645671.3172,208.0696,3191575.7561,4328121.6527,3125973.9084,25,62254,29.6,29.6,12.8,Central Shenandoah,Northwestern,Valley Region,Small metro,"Counties within MSAS of 50,000 to 249,999 population",Urban,Metropolitan
51540,540,us-va-540,Charlottesville City,44767,4.08,352.95246449915,2963381.3913,1363022.372,77261.6524,4403665.4157,98.3686,102663.9762,753833.1412,53751.0625,2380399.6089,3290647.7887,73.5061,202093.9972,4.5144,1721634.9623,448334.9385,2169969.9009,48.4725,10066377.1025,224.8616,4090021.4757,4284609.3576,1691746.2692,33.1,74824,22.6,29.2,6,Blue Ridge,Northwestern,Central Region,Small metro,"Counties within MSAS of 50,000 to 249,999 population",Urban,Metropolitan
51165,165,us-va-165,Rockingham County,87674,4.08,494.13345029881,4392112.5307,2650419.5442,1019462.3778,8061994.4526,91.9542,99177.897,728235.8271,51925.8803,2540848.0805,3420187.6848,39.0103,1919892.973,21.8981,5354471.1915,627668.9139,5982140.1054,68.2316,19384215.2159,221.0942,6849981.674,8366060.2055,4168173.3363,40.1,80693,9.6,18.4,13.8,Central Shenandoah,Northwestern,Valley Region,Small metro,"Counties within MSAS of 50,000 to 249,999 population",Urban,Metropolitan
51079,79,us-va-079,Greene County,21744,4.08,564.72394319864,3634692.8032,2552294.5249,271264.5669,6458251.8951,297.0131,31411.0474,230642.621,16445.6632,1953089.6406,2231588.9721,102.6301,606281.9915,27.8827,848386.9038,717335.9016,1565722.8055,72.0071,10861845.6642,499.533,5304604.6068,3572870.8924,1984370.1649,40.3,89808,11.1,13,8.2,Blue Ridge,Northwestern,Central Region,Small metro,"Counties within MSAS of 50,000 to 249,999 population",Urban,Metropolitan
51155,155,us-va-155,Pulaski County,33579,12.24,1129.44788639728,11447208.0808,4384073.2096,558170.2502,16389451.5406,488.0863,240818.0302,1768260.0942,126083.4176,6559439.452,8694600.9941,258.9297,1452550.6046,43.2577,1929847.1329,1434671.8033,3364518.9361,100.1971,29901122.0755,890.4709,14275926.32,10517223.3082,5107972.4473,46.8,62028,14.3,23.8,9,New River,Southwestern,West Central Region,Small metro,"Counties within MSAS of 50,000 to 249,999 population",Urban,Metropolitan
51071,71,us-va-071,Giles County,16533,2.04,211.77147869949,2033892.1427,899078.5802,212347.6297,3145318.3525,190.2449,52351.7457,384404.3683,27409.4386,1249446.5429,1713612.0955,103.648,505234.9929,30.5592,848386.9038,269000.9631,1117387.8669,67.5853,6481553.3079,392.0373,2761898.8444,2460081.3893,1259573.0742,45.4,65691,8.2,18.8,9.8,New River,Southwestern,West Central Region,Small metro,"Counties within MSAS of 50,000 to 249,999 population",Urban,Metropolitan
51069,69,us-va-069,Frederick County,98109,4.08,282.36197159932,5019781.3453,1724517.6281,1137902.221,7882201.1944,80.3413,228439.5361,1677368.2402,119602.4957,3555049.5596,5580459.8316,56.8802,1882000.3485,19.1827,3850371.3327,358667.9508,4209039.2835,42.9017,19553700.6581,199.3059,7296863.6145,8306388.9648,3950448.0789,40.8,97606,6.2,15,9.4,Lord Fairfax,Northwestern,Valley Region,Small metro,"Counties within MSAS of 50,000 to 249,999 population",Urban,Metropolitan
51003,3,us-va-003,Albemarle County,117313,11.22,988.266900597621,11196925.141,4819725.8238,286617.8182,16303268.783,138.9724,269033.4183,1975437.8738,140855.9517,6436079.3262,8821406.57,75.1955,593651.1167,5.0604,3679450.8942,1255337.8279,4934788.7221,42.0651,30653115.1918,261.2934,14220198.8057,11761509.8641,4671406.5219,39.7,104392,8.4,24.1,8.9,Blue Ridge,Northwestern,Central Region,Small metro,"Counties within MSAS of 50,000 to 249,999 population",Urban,Metropolitan
51840,840,us-va-840,Winchester City,27800,0,108.106366242618,0,451010.1795,552965.6883,1003975.8678,36.1142,64730.2399,475296.2223,33890.3605,804762.3137,1378679.1365,49.5928,1338872.7312,48.1609,2535837.7784,321334.282,2857172.0604,102.776,6578699.7959,236.6439,1157927.9065,3286774.7375,2133997.1518,36.8,63974,20.3,25.1,17,Lord Fairfax,Northwestern,Valley Region,Small metro,"Counties within MSAS of 50,000 to 249,999 population",Urban,Metropolitan
51820,820,us-va-820,Waynesboro City,23498,3.06,423.54295739898,3015678.9531,2002600.0754,396121.8607,5414400.8891,230.4196,59362.8644,435885.0713,31080.2012,1827062.8874,2353391.0244,100.1528,846268.6131,36.0145,1628405.6322,538001.9262,2166407.5585,92.1954,10780468.0851,458.7824,4593023.2464,4039636.0622,2147808.7765,38.3,59994,10.8,21,13.3,Central Shenandoah,Northwestern,Valley Region,Small metro,"Counties within MSAS of 50,000 to 249,999 population",Urban,Metropolitan
51015,15,us-va-015,Augusta County,78622,5.1,494.13345029881,5397584.0315,2483047.2799,1206421.8872,9087053.1986,115.579,198622.3138,1458428.6355,103991.3005,3760062.5383,5521104.7881,70.2234,2425127.9659,30.8454,4431500.8236,627668.9139,5059169.7375,64.348,22092455.6901,280.9958,8175801.8426,9138289.9282,4778363.9193,45.1,82049,5.1,18.8,9.1,Central Shenandoah,Northwestern,Valley Region,Small metro,"Counties within MSAS of 50,000 to 249,999 population",Urban,Metropolitan
51065,65,us-va-065,Fluvanna County,28746,5.1,423.54295739898,4961893.6082,1947055.5116,91972.5221,7000921.6419,243.5442,62822.0948,461285.242,32891.3263,2288271.9273,2845270.5904,98.9797,202093.9972,7.0303,1292780.0439,538001.9262,1830781.9701,63.6882,11879068.1996,413.2425,5848986.2421,4285176.1609,1744905.7967,43.5,96768,8.5,17,10.3,Blue Ridge,Northwestern,Central Region,Small metro,"Counties within MSAS of 50,000 to 249,999 population",Urban,Metropolitan
51790,790,us-va-790,Staunton City,26361,1.02,282.36197159932,855198.76,1075437.3638,476251.2841,2406887.4079,91.3049,66595.6451,488993.3767,34867.0178,1278309.9487,1868765.9883,70.8913,1263087.4822,47.915,1951600.6432,358667.9508,2310268.594,87.6396,7849009.4725,297.7508,2301364.0944,3404455.8365,2143189.5417,39.9,65581,13.2,21.7,9.7,Central Shenandoah,Northwestern,Valley Region,Small metro,"Counties within MSAS of 50,000 to 249,999 population",Urban,Metropolitan
51690,690,us-va-690,Martinsville City,13834,1.02,141.18098579966,813566.6644,482887.3678,312212.1061,1608666.1382,116.2835,75609.3062,555178.1934,39586.2375,1173785.6796,1844159.4167,133.3063,922053.862,66.6513,49722.3094,179333.9754,229056.2848,16.5575,4603935.7018,332.7986,1697963.8743,1626866.5858,1279105.2417,38.4,46727,22.1,19.9,12.7,West Piedmont,Southwestern,Southside Region,Rural (Micropolitan),Rural (Counties in micropolitan statistical areas),Rural,Nonmetropolitan
51590,590,us-va-590,Danville City,41993,8.16,917.676407697791,6364757.9273,2957438.8663,652827.5415,9975024.3351,237.5402,148507.3121,1090448.0595,77752.9384,4479505.0386,5796213.3486,138.0281,2046201.7212,48.7272,2016861.1743,1165670.8402,3182532.0144,75.7872,20999971.4193,500.0827,8871867.1425,7605320.4801,4522783.7967,40.4,44423,21.6,23,12.3,Pittsylvania/Danville,Southwestern,Southside Region,Rural (Micropolitan),Rural (Counties in micropolitan statistical areas),Rural,Nonmetropolitan
51089,89,us-va-089,Henry County,49385,8.16,1129.44788639728,7209757.069,3913196.829,706171.7577,11829125.6557,239.5287,269912.2154,1981890.6375,141316.0574,6001372.1064,8394491.0167,169.9806,2058832.5961,41.6894,2622851.8199,1434671.8033,4057523.6231,82.1611,26339972.8916,533.3598,10918338.4151,9996553.0228,5425081.4537,47.7,50760,15.6,20,10.8,West Piedmont,Southwestern,Southside Region,Rural (Micropolitan),Rural (Counties in micropolitan statistical areas),Rural,Nonmetropolitan
51185,185,us-va-185,Tazewell County,38875,12.24,1270.62887219694,11236546.7349,4035831.0028,885679.0258,16158056.7635,415.6413,214642.1574,1576057.9101,112378.6983,6490328.4802,8393407.246,215.9076,2816685.0854,72.4549,2470577.2474,1614005.7787,4084583.0261,105.0697,31452732.1209,809.0735,14080712.8239,10999241.1939,6372778.103,45,47313,17,19.5,6.5,Cumberland Plateau,Southwestern,Southwest Region,Rural (Micropolitan),Rural (Counties in micropolitan statistical areas),Rural,Nonmetropolitan
51143,143,us-va-143,Pittsylvania County,59410,11.22,1058.85739349745,9989741.4785,3746771.2859,194683.7175,13931196.4819,234.4925,210102.1459,1542721.8635,110001.7162,5937713.0688,7800538.7944,131.3001,555758.4922,9.3546,1864586.6018,1345004.8156,3209591.4174,54.0244,25497085.1859,429.1716,12220389.3147,9242907.5383,4033788.3329,48.1,54085,13,23.3,7.8,Pittsylvania/Danville,Southwestern,Southside Region,Rural (Micropolitan),Rural (Counties in micropolitan statistical areas),Rural,Nonmetropolitan
51137,137,us-va-137,Orange County,38986,5.1,423.54295739898,5308705.1466,2107537.2697,205328.381,7621570.7973,195.4951,86380.3804,634267.2077,45225.5737,2526618.164,3292491.3258,84.4532,416818.8691,10.6915,1566252.7455,538001.9262,2104254.6717,53.9746,13435135.664,344.6144,6428065.7924,4927853.1624,2079216.7091,42.1,94008,9.3,16.1,9.3,Rappahannock/Rapidan,Northwestern,Central Region,Rural (Micropolitan),Rural (Counties in micropolitan statistical areas),Rural,Nonmetropolitan
51131,131,us-va-131,Northampton County,12004,1.02,141.18098579966,1064094.7874,583534.3689,36178.08,1683807.2362,140.2705,20940.6983,153761.7473,10963.7754,620686.9861,806353.2071,67.1737,88416.1238,7.3656,164705.1498,179333.9754,344039.1252,28.6604,2922615.6923,243.4702,1440825.0671,999290.8805,482499.7448,52.5,61632,15.3,11.7,15.8,Eastern Shore,Eastern,Eastern Region,Rural (Noncore),Rural (Counties not within micropolitan statistical areas),Rural,Nonmetropolitan
51029,29,us-va-029,Buckingham County,17115,2.04,282.36197159932,2138634.3761,1113525.1446,128210.7424,3380370.2631,197.5092,57586.9203,422844.8051,30150.3825,1400271.4633,1910853.5712,111.6479,328402.7454,19.188,466146.6505,358667.9508,824814.6013,48.1925,6444441.1809,376.5376,2977554.9469,2304071.8596,1162814.3744,44.1,60828,12,25.4,12,Piedmont,Central,Southside Region,Rural (Noncore),Rural (Counties not within micropolitan statistical areas),Rural,Nonmetropolitan
51720,720,us-va-720,Norton City,3478,1.02,141.18098579966,934760.6859,458087.2412,137945.6936,1530793.6206,440.1362,18467.9085,135604.7367,9669.1141,595669.0305,759410.7898,218.347,429449.744,123.4761,289010.9233,179333.9754,468344.8987,134.6593,3187999.0531,916.6185,1330700.9516,1099003.3741,758294.7274,41.3,41495,26.5,30.4,12.1,Lenowisco,Southwestern,Southwest Region,Rural (Noncore),Rural (Counties not within micropolitan statistical areas),Rural,Nonmetropolitan
51119,119,us-va-119,Middlesex County,10949,3.06,211.77147869949,2411719.3471,640450.4858,11344.7933,3063514.6263,279.7986,23558.2856,172981.9657,12334.2474,1171239.9603,1380114.459,126.0494,37892.6245,3.4608,463039.0061,269000.9631,732039.9692,66.8591,5213561.679,476.1678,2593713.5311,1866347.0343,753501.1136,55.5,75060,8.2,8.7,9.3,Three Rivers,Eastern,Eastern Region,Rural (Noncore),Rural (Counties not within micropolitan statistical areas),Rural,Nonmetropolitan
51117,117,us-va-117,Mecklenburg County,30824,6.12,494.13345029881,5463219.5556,1744074.2691,211845.48,7419139.3047,240.6936,109938.666,807249.1735,57559.8211,3075928.9752,4050676.6357,131.4131,606281.9915,19.6692,854602.1925,627668.9139,1482271.1064,48.0882,13558369.0383,439.864,6491369.7394,4797670.218,2269329.0809,49.2,57045,14.5,15.8,9.1,Southside,Central,Southside Region,Rural (Noncore),Rural (Counties not within micropolitan statistical areas),Rural,Nonmetropolitan
51027,27,us-va-027,Buchanan County,18632,5.1,494.13345029881,5295465.2575,1349801.1409,92224.55,6737490.9485,361.6086,138732.1261,1018671.576,72635.0123,3154135.5578,4384174.2723,235.3035,341033.6202,18.3037,652605.3106,627668.9139,1280274.2246,68.7137,12742973.0655,683.9294,6077215.2626,4627109.8066,2038647.9963,47.8,42886,27,29.4,7.2,Cumberland Plateau,Southwestern,Southwest Region,Rural (Noncore),Rural (Counties not within micropolitan statistical areas),Rural,Nonmetropolitan
51057,57,us-va-057,Essex County,10683,5.1,423.54295739898,4996709.6127,1601901.1201,108773.5545,6707384.2873,627.8559,20940.6983,153761.7473,10963.7754,1864545.2842,2050211.5053,191.9135,290510.1209,27.1937,453716.0731,538001.9262,991717.9993,92.8314,10039823.9128,939.7944,5422641.8652,3129456.181,1487725.8667,47.1,56520,9.7,22.3,13.4,Three Rivers,Eastern,Eastern Region,Rural (Noncore),Rural (Counties not within micropolitan statistical areas),Rural,Nonmetropolitan
51113,113,us-va-113,Madison County,14252,1.02,211.77147869949,939590.7936,909900.4216,118196.9642,1967688.1794,138.064,20940.6983,153761.7473,10963.7754,718546.0761,904212.2972,63.4446,277879.2461,19.4976,550053.0475,269000.9631,819054.0106,57.4694,3968833.7333,278.4756,1681222.1336,1469005.6225,818605.9772,46.4,84323,10,14.5,7.6,Rappahannock/Rapidan,Northwestern,Central Region,Rural (Noncore),Rural (Counties not within micropolitan statistical areas),Rural,Nonmetropolitan
51678,678,us-va-678,Lexington City,7802,0,29.698327306996,0,134837.1691,39740.4628,174577.632,22.376,17782.3001,130570.5045,9310.1549,221079.4371,378742.3967,48.5443,88416.1238,11.3325,0,37724.0538,37724.0538,4.8352,679460.2061,87.088,232052.1894,273416.8011,173991.2157,22.6,84517,15.9,28.8,7.7,Central Shenandoah,Northwestern,Valley Region,Rural (Noncore),Rural (Counties not within micropolitan statistical areas),Rural,Nonmetropolitan
51111,111,us-va-111,Lunenburg County,12060,1.02,70.5904928998301,1024277.0469,255266.3978,36173.8445,1315717.2892,109.0976,26175.8729,192202.1842,13704.7193,575793.7264,807876.5027,66.9881,101046.9986,8.3787,366702.0317,89666.9877,456369.0194,37.8415,2681009.81,222.306,1175735.5322,1065811.9744,439462.3034,44.6,54842,13.2,6.6,15.2,Piedmont,Central,Southside Region,Rural (Noncore),Rural (Counties not within micropolitan statistical areas),Rural,Nonmetropolitan
51109,109,us-va-109,Louisa County,42109,4.08,564.72394319864,4112897.9814,2765183.7802,91840.9363,6969922.6979,165.521,117791.4278,864909.8287,61671.2369,2827025.8418,3871398.3352,91.9376,189463.1223,4.4993,1786895.4934,717335.9016,2504231.395,59.4702,13535015.5505,321.4281,6104779.2048,5269800.882,2160435.4636,44.8,86689,8.9,20.8,8.4,Blue Ridge,Northwestern,Central Region,Rural (Noncore),Rural (Counties not within micropolitan statistical areas),Rural,Nonmetropolitan
51640,640,us-va-640,Galax City,6739,0,57.5714942394374,0,156292.3262,244410.5195,400702.8457,59.4603,34471.7593,253116.5803,18048.1387,428572.0677,734208.5459,108.9492,909422.9872,134.9492,615313.5786,73129.7127,688443.2913,102.1581,2732777.6701,405.5168,524822.3116,1162365.6766,1045589.6819,42.9,38675,29,19.5,10.4,Mount Rogers,Southwestern,Southwest Region,Rural (Noncore),Rural (Counties not within micropolitan statistical areas),Rural,Nonmetropolitan
51620,620,us-va-620,Franklin City,8373,2.04,141.18098579966,2121324.4471,650058.9319,126664.9468,2898048.3258,346.1183,32483.2893,238515.7963,17007.0494,950572.3241,1238578.459,147.9253,277879.2461,33.1875,403993.7637,179333.9754,583327.7391,69.6677,4997833.7701,596.8988,2444553.8985,1733227.9961,820051.8756,38.3,63245,14.8,27.3,3.6,Western Tidewater,Eastern,Southside Region,Rural (Noncore),Rural (Counties not within micropolitan statistical areas),Rural,Nonmetropolitan
51025,25,us-va-025,Brunswick County,15750,3.06,211.77147869949,2049681.9363,567735.9184,33522.4805,2650940.3351,168.3137,41881.3966,307523.4947,21927.5509,1356620.3666,1727952.8088,109.7113,126308.7482,8.0196,351163.81,269000.9631,620164.7731,39.3755,5125366.6652,325.4201,2391950.2858,1898600.0898,834816.2896,44.7,53084,13,16,9.3,Southside,Central,Southside Region,Rural (Noncore),Rural (Counties not within micropolitan statistical areas),Rural,Nonmetropolitan
51051,51,us-va-051,Dickenson County,13411,7.14,564.72394319864,5868654.3806,1558937.2446,245080.0863,7672671.7115,572.1178,65439.6821,480505.4604,34261.7983,2936683.9915,3516890.9323,262.2393,896792.1124,66.8699,509653.6712,717335.9016,1226989.5728,91.4913,13313344.329,992.7182,6540899.268,4349520.8503,2422924.2107,46.1,47254,16.6,12.7,7.5,Cumberland Plateau,Southwestern,Southwest Region,Rural (Noncore),Rural (Counties not within micropolitan statistical areas),Rural,Nonmetropolitan
51105,105,us-va-105,Lee County,21780,3.06,423.54295739898,2399729.892,1062216.798,294781.8895,3756728.5796,172.4852,91615.555,672707.6445,47966.5176,2153373.0253,2965662.7424,136.1645,1187302.2333,54.5134,1395332.307,538001.9262,1933334.2332,88.7665,9843027.7885,451.9297,3570441.9158,3895852.1018,2376733.771,45.5,41827,28.5,24,12,Lenowisco,Southwestern,Southwest Region,Rural (Noncore),Rural (Counties not within micropolitan statistical areas),Rural,Nonmetropolitan
51595,595,us-va-595,Emporia City,5402,0,38.5223783322427,0,154945.7333,25147.4398,180093.1731,33.3382,23065.8274,169365.9822,12076.4145,286767.1849,491275.409,90.9432,63154.3741,11.6909,0,48932.7313,48932.7313,9.0583,783455.6876,145.0307,265480.6167,335031.758,182943.3129,36.6,51899,17,21.5,6.8,Crater,Central,Southside Region,Rural (Noncore),Rural (Counties not within micropolitan statistical areas),Rural,Nonmetropolitan
51005,5,us-va-005,Alleghany County,14632,1.02,211.77147869949,989019.7127,775363.0619,279270.2782,2043653.0529,139.6701,66051.6778,484999.1749,34582.2166,1174947.3777,1760580.447,120.324,770483.3642,52.6574,1280349.4666,269000.9631,1549350.4297,105.8878,6124067.2937,418.5393,1988349.9482,2631225.9261,1504491.4195,48.3,56188,9.1,14.8,8.6,Alleghany,Southwestern,Valley Region,Rural (Noncore),Rural (Counties not within micropolitan statistical areas),Rural,Nonmetropolitan
51049,49,us-va-049,Cumberland County,10062,1.02,70.5904928998301,808466.8553,255330.3658,18091.4547,1081888.6758,107.5222,10470.3491,76880.8737,5481.8877,416896.2353,509729.3458,50.6588,50523.4993,5.0212,242396.2582,89666.9877,332063.2459,33.0017,1974204.7668,196.204,923651.0734,739638.2,310915.4935,43.5,55325,9.1,16.8,6.1,Piedmont,Central,Southside Region,Rural (Noncore),Rural (Counties not within micropolitan statistical areas),Rural,Nonmetropolitan
51103,103,us-va-103,Lancaster County,11062,0,21.8582420144556,0,84549.2567,24183.648,108732.9047,9.8294,13087.9364,96101.0921,6852.3597,162716.4988,278757.887,25.1996,63154.3741,5.7091,251719.1912,27765.2505,279484.4417,25.2653,730129.6076,66.0034,157170.0415,394624.2329,178335.3332,58.2,69713,6.6,11.6,13.3,Three Rivers,Eastern,Eastern Region,Rural (Noncore),Rural (Counties not within micropolitan statistical areas),Rural,Nonmetropolitan
51580,580,us-va-580,Covington City,5663,2.04,141.18098579966,1488457.75,381907.7199,175890.6749,2046256.1448,361.3378,25563.8772,187708.4696,13384.301,880566.5576,1107223.2054,195.5188,656805.4908,115.9819,478577.2278,179333.9754,657911.2032,116.1772,4468196.0442,789.0157,1807013.3886,1598859.4705,1062323.1851,38,41944,24.6,22.7,12.3,Alleghany,Southwestern,Valley Region,Rural (Noncore),Rural (Counties not within micropolitan statistical areas),Rural,Nonmetropolitan
51099,99,us-va-099,King George County,28816,4.08,352.95246449915,6025326.4011,2639016.4331,373975.4655,9038318.2997,313.6562,41881.3966,307523.4947,21927.5509,1765444.0312,2136776.4733,74.1524,505234.9929,17.5331,854602.1925,448334.9385,1302937.131,45.2158,12983266.897,450.5576,7142883.168,4033537.6904,1806846.0385,38.3,116884,6.4,19.4,4.3,Rappahannock,Northwestern,Northern Region,Rural (Noncore),Rural (Counties not within micropolitan statistical areas),Rural,Nonmetropolitan
51530,530,us-va-530,Buena Vista City,6581,0,70.5904928998301,0,260845.213,87790.4958,348635.7088,52.9761,14999.3998,110136.4381,7853.1312,249612.5138,382601.4828,58.1373,239986.6216,36.4666,6215.2887,89666.9877,95882.2764,14.5696,1067106.0896,162.1495,364942.458,354787.5319,347376.0997,35.9,57833,17.1,19.2,5.9,Central Shenandoah,Northwestern,Valley Region,Rural (Noncore),Rural (Counties not within micropolitan statistical areas),Rural,Nonmetropolitan
51197,197,us-va-197,Wythe County,28100,4.08,635.31443609847,4061409.5239,2613825.2264,421850.8397,7097085.5901,252.5653,125644.1897,922570.484,65782.6527,3004333.6774,4118331.0037,146.5598,1035731.7354,36.8588,1358040.575,807002.8893,2165043.4643,77.0478,14416191.7936,513.0317,6294478.2688,5267378.7829,2854334.7418,46,57745,14.6,20.5,8.5,Mount Rogers,Southwestern,Southwest Region,Rural (Noncore),Rural (Counties not within micropolitan statistical areas),Rural,Nonmetropolitan
51195,195,us-va-195,Wise County,34973,5.1,564.72394319864,3938008.8542,1590902.0218,200788.7298,5729699.6059,163.8321,185703.8998,1363572.2997,97227.6965,3727222.1616,5373726.0575,153.6536,719959.8649,20.5862,1861478.9575,717335.9016,2578814.8591,73.7373,14402200.3874,411.8091,5632868.7978,5994839.1886,2774492.401,41.8,52943,16.6,15.2,10.6,Lenowisco,Southwestern,Southwest Region,Rural (Noncore),Rural (Counties not within micropolitan statistical areas),Rural,Nonmetropolitan
51193,193,us-va-193,Westmoreland County,19235,3.06,211.77147869949,2966176.479,822205.6567,87386.1771,3875768.3128,201.4956,34028.6347,249862.8394,17816.1351,1277171.6211,1578879.2303,82.0837,227355.7468,11.8199,770695.7954,269000.9631,1039696.7585,54.0523,6721700.0484,349.4515,3243574.2574,2434112.434,1044013.357,47.7,63398,14,19,12.6,Three Rivers,Eastern,Eastern Region,Rural (Noncore),Rural (Counties not within micropolitan statistical areas),Rural,Nonmetropolitan
51021,21,us-va-021,Bland County,6186,1.02,70.5904928998301,959916.4751,223798.6792,114965.2391,1298680.3934,209.9386,26175.8729,192202.1842,13704.7193,575793.7264,807876.5027,130.5976,366295.3699,59.2136,155382.2168,89666.9877,245049.2045,39.6135,2717901.4706,439.3633,1172846.2983,944013.3297,601041.8426,48.1,61216,14.5,0,8.9,Mount Rogers,Southwestern,Southwest Region,Rural (Noncore),Rural (Counties not within micropolitan statistical areas),Rural,Nonmetropolitan
51091,91,us-va-091,Highland County,2348,0,0,0,0,7628.2821,7628.2821,3.2488,0,0,0,0,0,0,25261.7496,10.7588,102552.2631,0,102552.2631,43.6764,135442.2948,57.6841,6790.4795,86992.1198,41659.6955,56.5,65625,14.1,5.4,6.4,Central Shenandoah,Northwestern,Valley Region,Rural (Noncore),Rural (Counties not within micropolitan statistical areas),Rural,Nonmetropolitan
51175,175,us-va-175,Southampton County,17941,1.02,141.18098579966,1031191.2112,603284.6712,42745.7864,1677221.6688,93.4854,69602.6148,511072.7219,36441.3559,1113014.182,1730130.8746,96.4345,101046.9986,5.6322,298333.8563,179333.9754,477667.8317,26.6244,3986067.3737,222.1764,1686357.9459,1624199.8538,675509.5741,47.3,70795,8,15.8,7.1,Western Tidewater,Eastern,Southside Region,Rural (Noncore),Rural (Counties not within micropolitan statistical areas),Rural,Nonmetropolitan
51173,173,us-va-173,Smyth County,29137,2.04,423.54295739898,1924050.1001,1525040.4458,490758.2841,3939848.8299,135.2181,112556.2533,826469.3919,58930.293,2152130.8623,3150086.8005,108.1129,1376765.3556,47.2514,1740280.8283,538001.9262,2278282.7546,78.1921,10744983.7406,368.7745,3761049.9169,4345872.2115,2638061.6123,46.4,49883,17.8,15.5,8.6,Mount Rogers,Southwestern,Southwest Region,Rural (Noncore),Rural (Counties not within micropolitan statistical areas),Rural,Nonmetropolitan
51083,83,us-va-083,Halifax County,33448,2.04,282.36197159932,1993191.743,1067189.4896,217395.4297,3277776.6623,97.9962,75910.0313,557386.3341,39743.686,1585651.8696,2258691.9209,67.5285,581020.2418,17.3709,714758.1974,358667.9508,1073426.1482,32.0924,7190914.9732,214.9879,3007538.8339,2718418.3642,1464957.7751,46.5,52013,15.8,22.4,9.6,Southside,Central,Southside Region,Rural (Noncore),Rural (Counties not within micropolitan statistical areas),Rural,Nonmetropolitan
51171,171,us-va-171,Shenandoah County,45441,8.16,705.9049289983,8260121.6011,3300650.1138,456042.2943,12016814.0091,264.4487,88997.9677,653487.4261,46596.0457,3583853.8928,4372935.3323,96.2333,985208.2361,21.681,2172243.3911,896669.877,3068913.2681,67.5362,20443870.8457,449.8992,9925717.1953,7143493.2244,3374660.4259,42.9,67191,10.7,15.2,11.4,Lord Fairfax,Northwestern,Valley Region,Rural (Noncore),Rural (Counties not within micropolitan statistical areas),Rural,Nonmetropolitan
51037,37,us-va-037,Charlotte County,11258,1.02,211.77147869949,939639.8302,788505.1202,186231.9901,1914376.9406,170.0459,36646.222,269083.0578,19186.607,877443.5672,1202359.4541,106.8004,505234.9929,44.8779,382240.2534,269000.9631,651241.2165,57.847,4273212.6041,379.5712,1731260.609,1534007.6459,1007944.3491,44.5,58000,19.6,25.1,10.3,Piedmont,Central,Southside Region,Rural (Noncore),Rural (Counties not within micropolitan statistical areas),Rural,Nonmetropolitan
51081,81,us-va-081,Greensville County,11150,3.06,282.36197159932,2521610.4263,777123.8234,41297.3807,3340031.6304,299.5544,47609.0293,349579.9151,24926.3276,1512427.6335,1934542.9054,173.5016,151570.4979,13.5938,320087.3666,358667.9508,678755.3175,60.8749,6104900.3512,547.5247,2947588.0939,2161331.5508,995980.7065,39.8,54668,14.5,22.7,8,Crater,Central,Southside Region,Rural (Noncore),Rural (Counties not within micropolitan statistical areas),Rural,Nonmetropolitan
51167,167,us-va-167,Russell County,25420,4.08,494.13345029881,3557214.9339,1458062.5974,295174.7108,5310452.2421,208.9084,75910.0313,557386.3341,39743.686,2305440.1087,2978480.16,117.1707,1010469.9858,39.751,2271688.0099,627668.9139,2899356.9238,114.0581,12198759.3118,479.8882,4694797.6589,4918190.2871,2585771.3657,46.7,50012,17.9,15.2,7.3,Cumberland Plateau,Southwestern,Southwest Region,Rural (Noncore),Rural (Counties not within micropolitan statistical areas),Rural,Nonmetropolitan
51163,163,us-va-163,Rockbridge County,22368,2.04,282.36197159932,1721332.6876,1018719.3688,369929.9165,3109981.9729,139.0371,50981.0932,374340.0467,26691.8156,1333438.3308,1785451.2864,79.8217,1035731.7354,46.3042,1330071.776,358667.9508,1688739.7268,75.498,7619904.7215,340.661,2777405.4849,2982518.653,1859980.5835,49.8,65469,7.6,12.1,8,Central Shenandoah,Northwestern,Valley Region,Rural (Noncore),Rural (Counties not within micropolitan statistical areas),Rural,Nonmetropolitan
51077,77,us-va-077,Grayson County,15265,1.02,141.18098579966,799591.2259,404633.0113,200692.1439,1404916.3812,92.0351,78084.494,573352.8116,40882.1543,1198827.8963,1891147.3562,123.8878,707328.9901,46.3367,814202.8161,179333.9754,993536.7915,65.0859,4996929.519,327.3455,1557269.6902,2170797.952,1268861.8768,48.4,47730,17.2,20.5,10.4,Mount Rogers,Southwestern,Southwest Region,Rural (Noncore),Rural (Counties not within micropolitan statistical areas),Rural,Nonmetropolitan
51159,159,us-va-159,Richmond County,9215,1.02,70.5904928998301,1222335.9799,321354.8912,11384.814,1555075.6852,168.7548,15705.5237,115321.3105,8222.8316,469862.0657,609111.7315,66.1,25261.7496,2.7414,189566.3045,89666.9877,279233.2922,30.302,2468682.4585,267.8983,1291953.276,853862.2938,322866.8888,43.8,66304,9,16.8,8.3,Three Rivers,Eastern,Eastern Region,Rural (Noncore),Rural (Counties not within micropolitan statistical areas),Rural,Nonmetropolitan
51017,17,us-va-017,Bath County,4071,0,0,0,0,53409.8934,53409.8934,13.1196,0,0,0,0,0,0,151570.4979,37.2318,152274.5725,0,152274.5725,37.4047,357254.9637,87.7561,44885.2654,159229.5056,153140.1927,50.9,56184,18.7,13.2,3.5,Central Shenandoah,Northwestern,Valley Region,Rural (Noncore),Rural (Counties not within micropolitan statistical areas),Rural,Nonmetropolitan
51035,35,us-va-035,Carroll County,29242,2.04,423.54295739898,1856820.8857,1538403.6187,227091.0805,3622315.5849,123.8737,83762.7931,615046.9893,43855.1018,1860818.7952,2603483.6795,89.0323,631543.7411,21.5971,1218196.5798,538001.9262,1756198.5061,60.0574,8613541.5115,294.5606,3353688.3307,3422151.5548,1837701.626,49.4,54484,13.3,15.6,14,Mount Rogers,Southwestern,Southwest Region,Rural (Noncore),Rural (Counties not within micropolitan statistical areas),Rural,Nonmetropolitan
51147,147,us-va-147,Prince Edward County,22276,1.02,70.5904928998301,856473.7123,229885.3202,105875.5349,1192234.5673,53.521,54969.333,403624.5867,28779.9105,867105.7935,1354479.6238,60.8044,328402.7454,14.7424,553160.6919,89666.9877,642827.6796,28.8574,3517944.6161,157.9253,1243115.7786,1533679.1765,741149.6611,32.6,56315,19.3,23,8.4,Piedmont,Central,Southside Region,Rural (Noncore),Rural (Counties not within micropolitan statistical areas),Rural,Nonmetropolitan
51001,1,us-va-001,Accomack County,33411,1.02,141.18098579966,903401.7635,520483.4192,119856.4144,1543741.5971,46.2046,57586.9203,422844.8051,30150.3825,991447.7987,1502029.9066,44.9561,328402.7454,9.8292,612205.9343,179333.9754,791539.9097,23.691,4165714.1587,124.6809,1537712.2472,1754969.094,873032.8176,47.6,58993,12.7,16.7,18.3,Eastern Shore,Eastern,Eastern Region,Rural (Noncore),Rural (Counties not within micropolitan statistical areas),Rural,Nonmetropolitan
51033,33,us-va-033,Caroline County,33477,2.04,211.77147869949,2295894.8362,1210977.095,300313.596,3807185.5272,113.7254,47116.5711,345963.9315,24668.4948,1196480.7125,1614229.7099,48.2191,530496.7425,15.8466,1168474.2705,269000.9631,1437475.2336,42.9392,7389387.2132,220.7303,3216177.6434,2807035.8541,1366173.7157,38.9,87407,9.9,16.4,9.4,Rappahannock,Northwestern,Central Region,Rural (Noncore),Rural (Counties not within micropolitan statistical areas),Rural,Nonmetropolitan
51141,141,us-va-141,Patrick County,17308,1.02,141.18098579966,847426.4547,464577.2696,197505.9706,1509509.6949,87.2146,39263.8093,288303.2762,20557.079,806067.3924,1154191.5569,66.6854,606281.9915,35.029,708542.9087,179333.9754,887876.8841,51.2986,4157860.1273,240.2276,1429860.4178,1678409.0466,1049590.6629,51.8,53038,14.2,16,9.3,West Piedmont,Southwestern,Southside Region,Rural (Noncore),Rural (Counties not within micropolitan statistical areas),Rural,Nonmetropolitan
51139,139,us-va-139,Page County,23686,1.02,141.18098579966,908060.243,551732.2538,728107.787,2187900.2838,92.371,47116.5711,345963.9315,24668.4948,885516.138,1303265.1353,55.0226,1882000.3485,79.4562,867032.7698,179333.9754,1046366.7452,44.1766,6419532.5129,271.0265,2010217.8375,2268982.4936,2140332.1818,45.4,57037,12.5,20.3,12.4,Lord Fairfax,Northwestern,Valley Region,Rural (Noncore),Rural (Counties not within micropolitan statistical areas),Rural,Nonmetropolitan
51135,135,us-va-135,Nottoway County,15632,1.02,70.5904928998301,1050168.3855,259389.9725,41352.9715,1350911.3296,86.4196,57586.9203,422844.8051,30150.3825,893588.7087,1404170.8166,89.8267,113677.8734,7.2721,531407.1815,89666.9877,621074.1692,39.7309,3489834.1888,223.2494,1363189.5708,1540459.0899,586185.528,41.5,63261,19.5,16.5,15,Piedmont,Central,Southside Region,Rural (Noncore),Rural (Counties not within micropolitan statistical areas),Rural,Nonmetropolitan
51133,133,us-va-133,Northumberland County,12397,0,70.5904928998301,0,171818.6214,15217.7787,187036.4001,15.0872,23558.2856,172981.9657,12334.2474,336205.3267,545079.8254,43.9687,63154.3741,5.0943,320087.3666,89666.9877,409754.3543,33.0527,1205024.9539,97.2029,286035.7018,625174.4632,293814.7889,59.5,66480,12.5,18.2,13.3,Three Rivers,Eastern,Eastern Region,Rural (Noncore),Rural (Counties not within micropolitan statistical areas),Rural,Nonmetropolitan